contest_id,contest_name,start_time,end_time,link
acl1,ACL Contest 1,2020-09-20 20:00:00+08:00,2020-09-20 22:30:00+08:00,https://atcoder.jp/contests/acl1/tasks
abl,ACL Beginner Contest,2020-09-26 20:00:00+08:00,2020-09-26 21:40:00+08:00,https://atcoder.jp/contests/abl/tasks
abc180,AtCoder Beginner Contest 180,2020-10-17 19:00:00+08:00,2020-10-17 20:40:00+08:00,https://atcoder.jp/contests/abc180/tasks
arc107,AtCoder Regular Contest 107,2020-10-31 20:00:00+08:00,2020-10-31 21:40:00+08:00,https://atcoder.jp/contests/arc107/tasks
abc181,AtCoder Beginner Contest 181,2020-11-01 20:00:00+08:00,2020-11-01 21:40:00+08:00,https://atcoder.jp/contests/abc181/tasks
abc183,AtCoder Beginner Contest 183,2020-11-15 20:00:00+08:00,2020-11-15 21:40:00+08:00,https://atcoder.jp/contests/abc183/tasks
arc108,AtCoder Regular Contest 108,2020-11-21 20:00:00+08:00,2020-11-21 21:40:00+08:00,https://atcoder.jp/contests/arc108/tasks
arc109,AtCoder Regular Contest 109,2020-11-28 20:00:00+08:00,2020-11-28 22:00:00+08:00,https://atcoder.jp/contests/arc109/tasks
arc110,AtCoder Regular Contest 110 (Sponsored by KAJIMA CORPORATION),2020-12-05 20:00:00+08:00,2020-12-05 22:00:00+08:00,https://atcoder.jp/contests/arc110/tasks
abc185,AtCoder Beginner Contest 185,2020-12-13 20:00:00+08:00,2020-12-13 21:40:00+08:00,https://atcoder.jp/contests/abc185/tasks
abc186,Panasonic Programming Contest (AtCoder Beginner Contest 186),2020-12-19 20:00:00+08:00,2020-12-19 21:40:00+08:00,https://atcoder.jp/contests/abc186/tasks
abc195,Panasonic Programming Contest (AtCoder Beginner Contest 195),2021-03-13 20:00:00+08:00,2021-03-13 21:40:00+08:00,https://atcoder.jp/contests/abc195/tasks
abc213,AtCoder Beginner Contest 213,2021-08-08 20:00:00+08:00,2021-08-08 21:40:00+08:00,https://atcoder.jp/contests/abc213/tasks
abc214,AtCoder Beginner Contest 214,2021-08-14 20:00:00+08:00,2021-08-14 21:40:00+08:00,https://atcoder.jp/contests/abc214/tasks
abc222,Exawizards Programming Contest 2021（AtCoder Beginner Contest 222）,2021-10-09 20:00:00+08:00,2021-10-09 21:40:00+08:00,https://atcoder.jp/contests/abc222/tasks
arc128,Daiwa Securities Co. Ltd. Programming Contest 2021 (AtCoder Regular Contest 128),2021-10-16 20:00:00+08:00,2021-10-16 22:00:00+08:00,https://atcoder.jp/contests/arc128/tasks
abc224,AtCoder Beginner Contest 224,2021-10-23 20:00:00+08:00,2021-10-23 21:40:00+08:00,https://atcoder.jp/contests/abc224/tasks
abc226,AtCoder Beginner Contest 226,2021-11-07 20:00:00+08:00,2021-11-07 21:40:00+08:00,https://atcoder.jp/contests/abc226/tasks
abc227,KEYENCE Programming Contest 2021 (AtCoder Beginner Contest 227),2021-11-13 20:00:00+08:00,2021-11-13 21:40:00+08:00,https://atcoder.jp/contests/abc227/tasks
abc230,AtCoder Beginner Contest 230,2021-12-03 20:00:00+08:00,2021-12-03 21:40:00+08:00,https://atcoder.jp/contests/abc230/tasks
abc231,Panasonic Programming Contest 2021(AtCoder Beginner Contest 231),2021-12-11 20:00:00+08:00,2021-12-11 21:40:00+08:00,https://atcoder.jp/contests/abc231/tasks
abc232,M-SOLUTIONS Programming Contest 2021(AtCoder Beginner Contest 232),2021-12-19 20:00:00+08:00,2021-12-19 21:40:00+08:00,https://atcoder.jp/contests/abc232/tasks
abc235,HHKB Programming Contest 2022（AtCoder Beginner Contest 235）,2022-01-15 20:00:00+08:00,2022-01-15 21:40:00+08:00,https://atcoder.jp/contests/abc235/tasks
abc236,AtCoder Beginner Contest 236,2022-01-23 20:00:00+08:00,2022-01-23 21:40:00+08:00,https://atcoder.jp/contests/abc236/tasks
abc237,AtCoder Beginner Contest 237,2022-01-30 20:00:00+08:00,2022-01-30 21:40:00+08:00,https://atcoder.jp/contests/abc237/tasks
abc239,Denso Create Programming Contest 2022(AtCoder Beginner Contest 239),2022-02-19 20:00:00+08:00,2022-02-19 21:40:00+08:00,https://atcoder.jp/contests/abc239/tasks
abc242,AtCoder Beginner Contest 242,2022-03-05 20:00:00+08:00,2022-03-05 21:40:00+08:00,https://atcoder.jp/contests/abc242/tasks
abc243,AtCoder Beginner Contest 243,2022-03-12 20:00:00+08:00,2022-03-12 21:40:00+08:00,https://atcoder.jp/contests/abc243/tasks
abc244,AtCoder Beginner Contest 244,2022-03-20 20:00:00+08:00,2022-03-20 21:40:00+08:00,https://atcoder.jp/contests/abc244/tasks
abc245,AtCoder Beginner Contest 245,2022-03-26 20:00:00+08:00,2022-03-26 21:40:00+08:00,https://atcoder.jp/contests/abc245/tasks
arc140,AtCoder Regular Contest 140,2022-05-15 20:00:00+08:00,2022-05-15 22:00:00+08:00,https://atcoder.jp/contests/arc140/tasks
abc252,AtCoder Beginner Contest 252,2022-05-21 20:00:00+08:00,2022-05-21 21:40:00+08:00,https://atcoder.jp/contests/abc252/tasks
abc255,Aising Programming Contest 2022（AtCoder Beginner Contest 255）,2022-06-11 20:00:00+08:00,2022-06-11 21:40:00+08:00,https://atcoder.jp/contests/abc255/tasks
abc258,AtCoder Beginner Contest 258,2022-07-02 20:00:00+08:00,2022-07-02 21:40:00+08:00,https://atcoder.jp/contests/abc258/tasks
abc259,AtCoder Beginner Contest 259,2022-07-09 20:00:00+08:00,2022-07-09 21:40:00+08:00,https://atcoder.jp/contests/abc259/tasks
abc265,AtCoder Beginner Contest 265,2022-08-21 20:00:00+08:00,2022-08-21 21:40:00+08:00,https://atcoder.jp/contests/abc265/tasks
abc268,UNIQUE VISION Programming Contest 2022 Summer (AtCoder Beginner Contest 268),2022-09-10 20:00:00+08:00,2022-09-10 21:40:00+08:00,https://atcoder.jp/contests/abc268/tasks
abc269,UNICORN Programming Contest 2022(AtCoder Beginner Contest 269),2022-09-17 20:00:00+08:00,2022-09-17 21:40:00+08:00,https://atcoder.jp/contests/abc269/tasks
abc277,Daiwa Securities Co. Ltd. Programming Contest 2022 Autumn (AtCoder Beginner Contest 277),2022-11-12 20:00:00+08:00,2022-11-12 21:40:00+08:00,https://atcoder.jp/contests/abc277/tasks
abc278,AtCoder Beginner Contest 278,2022-11-19 20:00:00+08:00,2022-11-19 21:40:00+08:00,https://atcoder.jp/contests/abc278/tasks
arc152,AtCoder Regular Contest 152,2022-11-20 20:00:00+08:00,2022-11-20 22:00:00+08:00,https://atcoder.jp/contests/arc152/tasks
abc182,AtCoder Beginner Contest 182,2020-11-08 20:00:00+08:00,2020-11-08 21:40:00+08:00,https://atcoder.jp/contests/abc182/tasks
abc187,AtCoder Beginner Contest 187,2021-01-02 20:00:00+08:00,2021-01-02 21:40:00+08:00,https://atcoder.jp/contests/abc187/tasks
abc189,AtCoder Beginner Contest 189,2021-01-23 20:00:00+08:00,2021-01-23 21:40:00+08:00,https://atcoder.jp/contests/abc189/tasks
abc190,AtCoder Beginner Contest 190,2021-01-30 20:00:00+08:00,2021-01-30 21:40:00+08:00,https://atcoder.jp/contests/abc190/tasks
abc191,AtCoder Beginner Contest 191,2021-02-06 20:00:00+08:00,2021-02-06 21:40:00+08:00,https://atcoder.jp/contests/abc191/tasks
arc112,AtCoder Regular Contest 112,2021-02-13 20:00:00+08:00,2021-02-13 22:00:00+08:00,https://atcoder.jp/contests/arc112/tasks
abc192,AtCoder Beginner Contest 192,2021-02-20 20:00:00+08:00,2021-02-20 21:40:00+08:00,https://atcoder.jp/contests/abc192/tasks
arc113,AtCoder Regular Contest 113,2021-02-21 20:00:00+08:00,2021-02-21 22:00:00+08:00,https://atcoder.jp/contests/arc113/tasks
abc193,Caddi Programming Contest 2021(AtCoder Beginner Contest 193),2021-02-27 20:00:00+08:00,2021-02-27 21:40:00+08:00,https://atcoder.jp/contests/abc193/tasks
abc194,AtCoder Beginner Contest 194,2021-03-06 20:00:00+08:00,2021-03-06 21:40:00+08:00,https://atcoder.jp/contests/abc194/tasks
abc196,AtCoder Beginner Contest 196,2021-03-20 20:00:00+08:00,2021-03-20 21:40:00+08:00,https://atcoder.jp/contests/abc196/tasks
abc197,AtCoder Beginner Contest 197（Sponsored by Panasonic）,2021-03-27 20:00:00+08:00,2021-03-27 21:40:00+08:00,https://atcoder.jp/contests/abc197/tasks
arc116,AtCoder Regular Contest 116,2021-03-28 20:00:00+08:00,2021-03-28 22:00:00+08:00,https://atcoder.jp/contests/arc116/tasks
agc053,AtCoder Grand Contest 053,2021-04-10 20:00:00+08:00,2021-04-10 23:00:00+08:00,https://atcoder.jp/contests/agc053/tasks
abc198,AtCoder Beginner Contest 198,2021-04-11 20:00:00+08:00,2021-04-11 21:40:00+08:00,https://atcoder.jp/contests/abc198/tasks
arc117,AtCoder Regular Contest 117,2021-04-18 20:00:00+08:00,2021-04-18 22:00:00+08:00,https://atcoder.jp/contests/arc117/tasks
abc200,KYOCERA Programming Contest 2021（AtCoder Beginner Contest 200）,2021-05-08 20:00:00+08:00,2021-05-08 21:40:00+08:00,https://atcoder.jp/contests/abc200/tasks
abc205,AtCoder Beginner Contest 205,2021-06-13 20:00:00+08:00,2021-06-13 21:40:00+08:00,https://atcoder.jp/contests/abc205/tasks
abc208,AtCoder Beginner Contest 208,2021-07-04 20:00:00+08:00,2021-07-04 21:40:00+08:00,https://atcoder.jp/contests/abc208/tasks
abc209,AtCoder Beginner Contest 209,2021-07-10 20:00:00+08:00,2021-07-10 21:40:00+08:00,https://atcoder.jp/contests/abc209/tasks
abc210,AtCoder Beginner Contest 210,2021-07-17 20:00:00+08:00,2021-07-17 21:40:00+08:00,https://atcoder.jp/contests/abc210/tasks
arc123,AtCoder Regular Contest 123,2021-07-18 20:00:00+08:00,2021-07-18 22:00:00+08:00,https://atcoder.jp/contests/arc123/tasks
abc215,AtCoder Beginner Contest 215,2021-08-21 20:00:00+08:00,2021-08-21 21:40:00+08:00,https://atcoder.jp/contests/abc215/tasks
arc125,AtCoder Regular Contest 125,2021-08-22 20:00:00+08:00,2021-08-22 22:00:00+08:00,https://atcoder.jp/contests/arc125/tasks
abc216,AtCoder Beginner Contest 216,2021-08-29 20:00:00+08:00,2021-08-29 21:40:00+08:00,https://atcoder.jp/contests/abc216/tasks
abc217,AtCoder Beginner Contest 217,2021-09-04 20:00:00+08:00,2021-09-04 21:40:00+08:00,https://atcoder.jp/contests/abc217/tasks
abc218,AtCoder Beginner Contest 218,2021-09-11 20:00:00+08:00,2021-09-11 21:40:00+08:00,https://atcoder.jp/contests/abc218/tasks
abc219,Sciseed Programming Contest 2021（AtCoder Beginner Contest 219）,2021-09-18 20:00:00+08:00,2021-09-18 21:40:00+08:00,https://atcoder.jp/contests/abc219/tasks
abc221,AtCoder Beginner Contest 221,2021-10-02 20:00:00+08:00,2021-10-02 21:40:00+08:00,https://atcoder.jp/contests/abc221/tasks
abc228,TOYOTA SYSTEMS Programming Contest 2021(AtCoder Beginner Contest 228),2021-11-20 20:00:00+08:00,2021-11-20 21:40:00+08:00,https://atcoder.jp/contests/abc228/tasks
arc134,AtCoder Regular Contest 134,2022-01-29 20:00:00+08:00,2022-01-29 22:00:00+08:00,https://atcoder.jp/contests/arc134/tasks
abc240,AtCoder Beginner Contest 240,2022-02-20 20:00:00+08:00,2022-02-20 21:40:00+08:00,https://atcoder.jp/contests/abc240/tasks
arc137,AtCoder Regular Contest 137,2022-03-19 20:00:00+08:00,2022-03-19 22:00:00+08:00,https://atcoder.jp/contests/arc137/tasks
abc246,AtCoder Beginner Contest 246,2022-04-02 20:00:00+08:00,2022-04-02 21:40:00+08:00,https://atcoder.jp/contests/abc246/tasks
abc248,UNIQUE VISION Programming Contest 2022（AtCoder Beginner Contest 248）,2022-04-16 20:00:00+08:00,2022-04-16 21:40:00+08:00,https://atcoder.jp/contests/abc248/tasks
agc057,AtCoder Grand Contest 057,2022-05-07 20:00:00+08:00,2022-05-07 23:00:00+08:00,https://atcoder.jp/contests/agc057/tasks
abc250,AtCoder Beginner Contest 250,2022-05-08 20:00:00+08:00,2022-05-08 21:40:00+08:00,https://atcoder.jp/contests/abc250/tasks
abc251,Panasonic Programming Contest 2022(AtCoder Beginner Contest 251),2022-05-14 20:00:00+08:00,2022-05-14 21:40:00+08:00,https://atcoder.jp/contests/abc251/tasks
abc254,AtCoder Beginner Contest 254,2022-06-04 20:00:00+08:00,2022-06-04 21:40:00+08:00,https://atcoder.jp/contests/abc254/tasks
arc144,AtCoder Regular Contest 144,2022-07-16 20:00:00+08:00,2022-07-16 22:00:00+08:00,https://atcoder.jp/contests/arc144/tasks
abc261,AtCoder Beginner Contest 261,2022-07-23 20:00:00+08:00,2022-07-23 21:40:00+08:00,https://atcoder.jp/contests/abc261/tasks
abc264,freee Programming Contest 2022（AtCoder Beginner Contest 264）,2022-08-13 20:00:00+08:00,2022-08-13 21:40:00+08:00,https://atcoder.jp/contests/abc264/tasks
agc058,AtCoder Grand Contest 058,2022-08-14 20:10:00+08:00,2022-08-14 23:10:00+08:00,https://atcoder.jp/contests/agc058/tasks
abc267,NEC Programming Contest 2022 (AtCoder Beginner Contest 267),2022-09-03 20:00:00+08:00,2022-09-03 21:40:00+08:00,https://atcoder.jp/contests/abc267/tasks
abc270,TOYOTA MOTOR CORPORATION Programming Contest 2022(AtCoder Beginner Contest 270),2022-09-24 20:00:00+08:00,2022-09-24 21:40:00+08:00,https://atcoder.jp/contests/abc270/tasks
abc273,Panasonic Programming Contest 2022(AtCoder Beginner Contest 273),2022-10-15 20:00:00+08:00,2022-10-15 21:40:00+08:00,https://atcoder.jp/contests/abc273/tasks
abc275,AtCoder Beginner Contest 275,2022-10-29 20:00:00+08:00,2022-10-29 21:40:00+08:00,https://atcoder.jp/contests/abc275/tasks
abc276,AtCoder Beginner Contest 276,2022-11-05 20:00:00+08:00,2022-11-05 21:40:00+08:00,https://atcoder.jp/contests/abc276/tasks
arc118,AtCoder Regular Contest 118,2021-05-09 21:05:00+08:00,2021-05-09 23:05:00+08:00,https://atcoder.jp/contests/arc118/tasks
abc204,AtCoder Beginner Contest 204,2021-06-06 20:00:00+08:00,2021-06-06 21:40:00+08:00,https://atcoder.jp/contests/abc204/tasks
arc138,Daiwa Securities Co. Ltd. Programming Contest 2022 Spring (AtCoder Regular Contest 138）,2022-04-09 20:00:00+08:00,2022-04-09 22:00:00+08:00,https://atcoder.jp/contests/arc138/tasks
abc347,AtCoder Beginner Contest 347,2024-03-30 20:00:00+08:00,2024-03-30 21:40:00+08:00,https://atcoder.jp/contests/abc347/tasks
arc114,AtCoder Regular Contest 114,2021-03-14 20:00:00+08:00,2021-03-14 22:00:00+08:00,https://atcoder.jp/contests/arc114/tasks
abc201,Mynavi Programming Contest 2021（AtCoder Beginner Contest 201）,2021-05-15 20:00:00+08:00,2021-05-15 21:40:00+08:00,https://atcoder.jp/contests/abc201/tasks
abc202,AISing Programming Contest 2021（AtCoder Beginner Contest 202）,2021-05-22 20:00:00+08:00,2021-05-22 21:40:00+08:00,https://atcoder.jp/contests/abc202/tasks
abc207,AtCoder Beginner Contest 207,2021-06-26 20:00:00+08:00,2021-06-26 21:40:00+08:00,https://atcoder.jp/contests/abc207/tasks
abc220,AtCoder Beginner Contest 220,2021-09-26 20:00:00+08:00,2021-09-26 21:40:00+08:00,https://atcoder.jp/contests/abc220/tasks
abc229,NEC Programming Contest 2021(AtCoder Beginner Contest 229),2021-11-27 20:00:00+08:00,2021-11-27 21:40:00+08:00,https://atcoder.jp/contests/abc229/tasks
agc056,AtCoder Grand Contest 056,2021-12-04 20:00:00+08:00,2021-12-04 23:00:00+08:00,https://atcoder.jp/contests/agc056/tasks
abc233,AtCoder Beginner Contest 233,2021-12-25 20:00:00+08:00,2021-12-25 21:40:00+08:00,https://atcoder.jp/contests/abc233/tasks
arc132,AtCoder Regular Contest 132,2021-12-26 20:00:00+08:00,2021-12-26 22:00:00+08:00,https://atcoder.jp/contests/arc132/tasks
abc234,AtCoder Beginner Contest 234,2022-01-08 20:00:00+08:00,2022-01-08 21:40:00+08:00,https://atcoder.jp/contests/abc234/tasks
arc133,AtCoder Regular Contest 133,2022-01-22 20:00:00+08:00,2022-01-22 22:00:00+08:00,https://atcoder.jp/contests/arc133/tasks
abc238,Monoxer Programming Contest 2022（AtCoder Beginner Contest 238）,2022-02-05 20:00:00+08:00,2022-02-05 21:40:00+08:00,https://atcoder.jp/contests/abc238/tasks
abc241,AtCoder Beginner Contest 241（Sponsored by Panasonic）,2022-02-26 20:00:00+08:00,2022-02-26 21:40:00+08:00,https://atcoder.jp/contests/abc241/tasks
abc247,AtCoder Beginner Contest 247,2022-04-10 20:00:00+08:00,2022-04-10 21:40:00+08:00,https://atcoder.jp/contests/abc247/tasks
abc249,Monoxer Programming Contest 2022（AtCoder Beginner Contest 249）,2022-04-23 20:00:00+08:00,2022-04-23 21:40:00+08:00,https://atcoder.jp/contests/abc249/tasks
abc253,NOMURA Programming Contest 2022（AtCoder Beginner Contest 253）,2022-05-28 20:00:00+08:00,2022-05-28 21:40:00+08:00,https://atcoder.jp/contests/abc253/tasks
arc141,AtCoder Regular Contest 141,2022-05-29 20:00:00+08:00,2022-05-29 22:00:00+08:00,https://atcoder.jp/contests/arc141/tasks
abc256,Tokio Marine & Nichido Fire Insurance Programming Contest 2022（AtCoder Beginner Contest 256),2022-06-18 20:00:00+08:00,2022-06-18 21:40:00+08:00,https://atcoder.jp/contests/abc256/tasks
arc142,AtCoder Regular Contest 142,2022-06-19 20:00:00+08:00,2022-06-19 22:00:00+08:00,https://atcoder.jp/contests/arc142/tasks
abc257,NS Solutions Corporation Programming Contest 2022（AtCoder Beginner Contest 257）,2022-06-25 20:00:00+08:00,2022-06-25 21:40:00+08:00,https://atcoder.jp/contests/abc257/tasks
abc260,AtCoder Beginner Contest 260,2022-07-17 20:00:00+08:00,2022-07-17 21:40:00+08:00,https://atcoder.jp/contests/abc260/tasks
abc262,AtCoder Beginner Contest 262,2022-07-31 20:00:00+08:00,2022-07-31 21:40:00+08:00,https://atcoder.jp/contests/abc262/tasks
arc148,AtCoder Regular Contest 148,2022-09-11 20:00:00+08:00,2022-09-11 22:00:00+08:00,https://atcoder.jp/contests/arc148/tasks
abc272,AtCoder Beginner Contest 272,2022-10-08 20:00:00+08:00,2022-10-08 21:40:00+08:00,https://atcoder.jp/contests/abc272/tasks
abc279,TOYOTA SYSTEMS Programming Contest 2022(AtCoder Beginner Contest 279),2022-11-26 20:00:00+08:00,2022-11-26 21:40:00+08:00,https://atcoder.jp/contests/abc279/tasks
abc288,Toyota Programming Contest 2023 Spring Qual A（AtCoder Beginner Contest 288）,2023-02-04 20:00:00+08:00,2023-02-04 21:40:00+08:00,https://atcoder.jp/contests/abc288/tasks
abc154,AtCoder Beginner Contest 154,2020-02-09 20:00:00+08:00,2020-02-09 21:40:00+08:00,https://atcoder.jp/contests/abc154/tasks
abc158,AtCoder Beginner Contest 158,2020-03-07 20:00:00+08:00,2020-03-07 21:40:00+08:00,https://atcoder.jp/contests/abc158/tasks
abc161,AtCoder Beginner Contest 161,2020-04-04 20:00:00+08:00,2020-04-04 21:40:00+08:00,https://atcoder.jp/contests/abc161/tasks
abc162,AtCoder Beginner Contest 162,2020-04-12 20:00:00+08:00,2020-04-12 21:40:00+08:00,https://atcoder.jp/contests/abc162/tasks
abc178,AtCoder Beginner Contest 178,2020-09-13 20:00:00+08:00,2020-09-13 21:40:00+08:00,https://atcoder.jp/contests/abc178/tasks
abc179,AtCoder Beginner Contest 179,2020-09-19 20:00:00+08:00,2020-09-19 21:40:00+08:00,https://atcoder.jp/contests/abc179/tasks
arc104,AtCoder Regular Contest 104,2020-10-03 20:00:00+08:00,2020-10-03 22:00:00+08:00,https://atcoder.jp/contests/arc104/tasks
abc184,AtCoder Beginner Contest 184,2020-11-22 20:00:00+08:00,2020-11-22 21:40:00+08:00,https://atcoder.jp/contests/abc184/tasks
abc203,AtCoder Beginner Contest 203（Sponsored by Panasonic）,2021-05-30 20:00:00+08:00,2021-05-30 21:40:00+08:00,https://atcoder.jp/contests/abc203/tasks
arc129,AtCoder Regular Contest 129,2021-11-21 20:00:00+08:00,2021-11-21 22:00:00+08:00,https://atcoder.jp/contests/arc129/tasks
arc136,AtCoder Regular Contest 136,2022-02-27 20:00:00+08:00,2022-02-27 22:00:00+08:00,https://atcoder.jp/contests/arc136/tasks
arc145,AtCoder Regular Contest 145,2022-07-30 20:00:00+08:00,2022-07-30 22:00:00+08:00,https://atcoder.jp/contests/arc145/tasks
abc263,LINE  Verda Programming Contest（AtCoder Beginner Contest 263）,2022-08-06 20:00:00+08:00,2022-08-06 21:40:00+08:00,https://atcoder.jp/contests/abc263/tasks
arc146,AtCoder Regular Contest 146,2022-08-20 20:00:00+08:00,2022-08-20 22:00:00+08:00,https://atcoder.jp/contests/arc146/tasks
arc147,AtCoder Regular Contest 147,2022-09-04 20:00:00+08:00,2022-09-04 22:00:00+08:00,https://atcoder.jp/contests/arc147/tasks
abc271,KYOCERA Programming Contest 2022（AtCoder Beginner Contest 271）,2022-10-01 20:00:00+08:00,2022-10-01 21:40:00+08:00,https://atcoder.jp/contests/abc271/tasks
arc149,AtCoder Regular Contest 149,2022-10-02 20:00:00+08:00,2022-10-02 22:00:00+08:00,https://atcoder.jp/contests/arc149/tasks
arc150,AtCoder Regular Contest 150,2022-10-09 20:00:00+08:00,2022-10-09 22:00:00+08:00,https://atcoder.jp/contests/arc150/tasks
abc281,AtCoder Beginner Contest 281,2022-12-10 20:00:00+08:00,2022-12-10 21:40:00+08:00,https://atcoder.jp/contests/abc281/tasks
abc282,HHKB Programming Contest 2022 Winter(AtCoder Beginner Contest 282),2022-12-17 20:00:00+08:00,2022-12-17 21:40:00+08:00,https://atcoder.jp/contests/abc282/tasks
abc284,AtCoder Beginner Contest 284,2023-01-07 20:00:00+08:00,2023-01-07 21:40:00+08:00,https://atcoder.jp/contests/abc284/tasks
arc153,AtCoder Regular Contest 153,2023-01-14 20:00:00+08:00,2023-01-14 22:00:00+08:00,https://atcoder.jp/contests/arc153/tasks
arc155,AtCoder Regular Contest 155,2023-01-29 20:00:00+08:00,2023-01-29 22:00:00+08:00,https://atcoder.jp/contests/arc155/tasks
arc157,AtCoder Regular Contest 157,2023-02-25 20:00:00+08:00,2023-02-25 22:00:00+08:00,https://atcoder.jp/contests/arc157/tasks
abc292,AtCoder Beginner Contest 292,2023-03-04 20:00:00+08:00,2023-03-04 21:40:00+08:00,https://atcoder.jp/contests/abc292/tasks
arc158,AtCoder Regular Contest 158,2023-03-12 20:00:00+08:00,2023-03-12 22:00:00+08:00,https://atcoder.jp/contests/arc158/tasks
abc294,AtCoder Beginner Contest 294,2023-03-19 20:00:00+08:00,2023-03-19 21:40:00+08:00,https://atcoder.jp/contests/abc294/tasks
abc295,AtCoder Beginner Contest 295,2023-03-25 20:00:00+08:00,2023-03-25 21:40:00+08:00,https://atcoder.jp/contests/abc295/tasks
abc296,AtCoder Beginner Contest 296,2023-04-01 20:00:00+08:00,2023-04-01 21:40:00+08:00,https://atcoder.jp/contests/abc296/tasks
arc159,AtCoder Regular Contest 159,2023-04-08 20:00:00+08:00,2023-04-08 22:00:00+08:00,https://atcoder.jp/contests/arc159/tasks
abc297,AtCoder Beginner Contest 297,2023-04-09 20:00:00+08:00,2023-04-09 21:40:00+08:00,https://atcoder.jp/contests/abc297/tasks
abc317,GAMEFREAK Programming Contest 2023 (AtCoder Beginner Contest 317),2023-08-26 20:00:00+08:00,2023-08-26 21:40:00+08:00,https://atcoder.jp/contests/abc317/tasks
abc324,Japan Registry Services (JPRS) Programming Contest 2023 (AtCoder Beginner Contest 324),2023-10-14 20:00:00+08:00,2023-10-14 21:40:00+08:00,https://atcoder.jp/contests/abc324/tasks
abc326,Panasonic Programming Contest 2023（AtCoder Beginner Contest 326）,2023-10-28 20:00:00+08:00,2023-10-28 21:40:00+08:00,https://atcoder.jp/contests/abc326/tasks
arc169,estie Programming Contest 2023 (AtCoder Regular Contest 169),2023-12-09 20:00:00+08:00,2023-12-09 22:00:00+08:00,https://atcoder.jp/contests/arc169/tasks
keyence2021,KEYENCE Programming Contest 2021,2021-01-16 20:00:00+08:00,2021-01-16 22:00:00+08:00,https://atcoder.jp/contests/keyence2021/tasks
abc199,AtCoder Beginner Contest 199（Sponsored by Panasonic）,2021-04-24 20:00:00+08:00,2021-04-24 21:40:00+08:00,https://atcoder.jp/contests/abc199/tasks
abc223,AtCoder Beginner Contest 223,2021-10-17 20:00:00+08:00,2021-10-17 21:40:00+08:00,https://atcoder.jp/contests/abc223/tasks
abc148,AtCoder Beginner Contest 148,2019-12-22 20:00:00+08:00,2019-12-22 21:40:00+08:00,https://atcoder.jp/contests/abc148/tasks
keyence2020,Keyence Programming Contest 2020,2020-01-18 20:00:00+08:00,2020-01-18 22:00:00+08:00,https://atcoder.jp/contests/keyence2020/tasks
abc152,AtCoder Beginner Contest 152,2020-01-19 19:50:00+08:00,2020-01-19 21:30:00+08:00,https://atcoder.jp/contests/abc152/tasks
abc153,AtCoder Beginner Contest 153,2020-01-26 20:00:00+08:00,2020-01-26 21:40:00+08:00,https://atcoder.jp/contests/abc153/tasks
abc155,AtCoder Beginner Contest 155,2020-02-16 20:00:00+08:00,2020-02-16 21:40:00+08:00,https://atcoder.jp/contests/abc155/tasks
abc156,AtCoder Beginner Contest 156,2020-02-22 20:00:00+08:00,2020-02-22 21:40:00+08:00,https://atcoder.jp/contests/abc156/tasks
abc157,AtCoder Beginner Contest 157,2020-03-01 20:00:00+08:00,2020-03-01 21:40:00+08:00,https://atcoder.jp/contests/abc157/tasks
hitachi2020,"Social Infrastructure Information Systems Division, Hitachi Programming Contest 2020",2020-03-08 20:00:00+08:00,2020-03-08 22:00:00+08:00,https://atcoder.jp/contests/hitachi2020/tasks
agc043,AtCoder Grand Contest 043,2020-03-21 20:00:00+08:00,2020-03-21 22:30:00+08:00,https://atcoder.jp/contests/agc043/tasks
abc159,AtCoder Beginner Contest 159,2020-03-22 20:00:00+08:00,2020-03-22 21:40:00+08:00,https://atcoder.jp/contests/abc159/tasks
abc160,AtCoder Beginner Contest 160,2020-03-28 20:00:00+08:00,2020-03-28 21:40:00+08:00,https://atcoder.jp/contests/abc160/tasks
abc163,AtCoder Beginner Contest 163,2020-04-19 20:00:00+08:00,2020-04-19 21:40:00+08:00,https://atcoder.jp/contests/abc163/tasks
abc164,AtCoder Beginner Contest 164,2020-04-26 20:00:00+08:00,2020-04-26 21:40:00+08:00,https://atcoder.jp/contests/abc164/tasks
abc165,AtCoder Beginner Contest 165,2020-05-02 20:10:00+08:00,2020-05-02 21:50:00+08:00,https://atcoder.jp/contests/abc165/tasks
abc166,AtCoder Beginner Contest 166,2020-05-03 20:00:00+08:00,2020-05-03 21:40:00+08:00,https://atcoder.jp/contests/abc166/tasks
abc167,AtCoder Beginner Contest 167,2020-05-10 20:00:00+08:00,2020-05-10 21:40:00+08:00,https://atcoder.jp/contests/abc167/tasks
abc168,AtCoder Beginner Contest 168,2020-05-17 20:00:00+08:00,2020-05-17 21:40:00+08:00,https://atcoder.jp/contests/abc168/tasks
agc044,AtCoder Grand Contest 044,2020-05-23 20:00:00+08:00,2020-05-23 22:30:00+08:00,https://atcoder.jp/contests/agc044/tasks
nomura2020,NOMURA Programming Competition 2020,2020-05-30 20:00:00+08:00,2020-05-30 22:00:00+08:00,https://atcoder.jp/contests/nomura2020/tasks
abc169,AtCoder Beginner Contest 169,2020-05-31 20:00:00+08:00,2020-05-31 21:40:00+08:00,https://atcoder.jp/contests/abc169/tasks
abc170,AtCoder Beginner Contest 170,2020-06-14 20:00:00+08:00,2020-06-14 21:40:00+08:00,https://atcoder.jp/contests/abc170/tasks
abc173,AtCoder Beginner Contest 173,2020-07-05 20:00:00+08:00,2020-07-05 21:40:00+08:00,https://atcoder.jp/contests/abc173/tasks
aising2020,AIsing Programming Contest 2020,2020-07-11 20:00:00+08:00,2020-07-11 21:40:00+08:00,https://atcoder.jp/contests/aising2020/tasks
m-solutions2020,M-SOLUTIONS Programming Contest 2020,2020-07-25 20:00:00+08:00,2020-07-25 21:40:00+08:00,https://atcoder.jp/contests/m-solutions2020/tasks
abc174,AtCoder Beginner Contest 174,2020-08-02 20:00:00+08:00,2020-08-02 21:40:00+08:00,https://atcoder.jp/contests/abc174/tasks
agc047,AtCoder Grand Contest 047,2020-08-09 20:00:00+08:00,2020-08-09 22:20:00+08:00,https://atcoder.jp/contests/agc047/tasks
abc211,AtCoder Beginner Contest 211,2021-07-24 20:00:00+08:00,2021-07-24 21:40:00+08:00,https://atcoder.jp/contests/abc211/tasks
abc212,AtCoder Beginner Contest 212,2021-07-31 20:00:00+08:00,2021-07-31 21:40:00+08:00,https://atcoder.jp/contests/abc212/tasks
abc225,UNICORN Programming Contest 2021(AtCoder Beginner Contest 225),2021-10-30 20:00:00+08:00,2021-10-30 21:40:00+08:00,https://atcoder.jp/contests/abc225/tasks
agc059,AtCoder Grand Contest 059,2022-12-04 20:00:00+08:00,2022-12-04 23:00:00+08:00,https://atcoder.jp/contests/agc059/tasks
abc302,TOYOTA MOTOR CORPORATION Programming Contest 2023#2 (AtCoder Beginner Contest 302),2023-05-20 20:00:00+08:00,2023-05-20 21:40:00+08:00,https://atcoder.jp/contests/abc302/tasks
agc062,AtCoder Grand Contest 062,2023-05-21 20:00:00+08:00,2023-05-21 23:00:00+08:00,https://atcoder.jp/contests/agc062/tasks
abc309,Denso Create Programming Contest 2023 (AtCoder Beginner Contest 309),2023-07-08 20:00:00+08:00,2023-07-08 21:40:00+08:00,https://atcoder.jp/contests/abc309/tasks
arc164,AtCoder Regular Contest 164,2023-07-09 20:00:00+08:00,2023-07-09 22:00:00+08:00,https://atcoder.jp/contests/arc164/tasks
abc310,freee Programming Contest 2023（AtCoder Beginner Contest 310）,2023-07-15 20:00:00+08:00,2023-07-15 21:40:00+08:00,https://atcoder.jp/contests/abc310/tasks
abc312,UNIQUE VISION Programming Contest 2023 Summer(AtCoder Beginner Contest 312),2023-07-29 20:00:00+08:00,2023-07-29 21:40:00+08:00,https://atcoder.jp/contests/abc312/tasks
abc314,AtCoder Beginner Contest 314,2023-08-12 20:00:00+08:00,2023-08-12 21:40:00+08:00,https://atcoder.jp/contests/abc314/tasks
agc064,AtCoder Grand Contest 064,2023-08-13 20:00:00+08:00,2023-08-13 23:00:00+08:00,https://atcoder.jp/contests/agc064/tasks
abc315,KEYENCE Programming Contest 2023 Summer（AtCoder Beginner Contest 315）,2023-08-19 20:00:00+08:00,2023-08-19 21:40:00+08:00,https://atcoder.jp/contests/abc315/tasks
abc319,AtCoder Beginner Contest 319,2023-09-09 20:00:00+08:00,2023-09-09 21:40:00+08:00,https://atcoder.jp/contests/abc319/tasks
abc320,Toyota Programming Contest 2023#5（AtCoder Beginner Contest 320）,2023-09-16 20:00:00+08:00,2023-09-16 21:40:00+08:00,https://atcoder.jp/contests/abc320/tasks
arc165,AtCoder Regular Contest 165,2023-09-17 20:00:00+08:00,2023-09-17 22:00:00+08:00,https://atcoder.jp/contests/arc165/tasks
abc323,UNIQUE VISION Programming Contest 2023 Autumn(AtCoder Beginner Contest 323),2023-10-07 20:00:00+08:00,2023-10-07 21:40:00+08:00,https://atcoder.jp/contests/abc323/tasks
arc166,AtCoder Regular Contest 166,2023-10-08 20:00:00+08:00,2023-10-08 22:00:00+08:00,https://atcoder.jp/contests/arc166/tasks
abc327,HHKB Programming Contest 2023(AtCoder Beginner Contest 327),2023-11-04 20:00:00+08:00,2023-11-04 21:40:00+08:00,https://atcoder.jp/contests/abc327/tasks
arc168,ALGO ARTIS Programming Contest 2023 Autumn（AtCoder Regular Contest 168）,2023-11-19 20:00:00+08:00,2023-11-19 22:00:00+08:00,https://atcoder.jp/contests/arc168/tasks
abc336,AtCoder Beginner Contest 336,2024-01-14 20:00:00+08:00,2024-01-14 21:40:00+08:00,https://atcoder.jp/contests/abc336/tasks
abc338,AtCoder Beginner Contest 338,2024-01-27 20:00:00+08:00,2024-01-27 21:40:00+08:00,https://atcoder.jp/contests/abc338/tasks
abc346,UNIQUE VISION Programming Contest 2024 Spring(AtCoder Beginner Contest 346),2024-03-23 20:00:00+08:00,2024-03-23 21:40:00+08:00,https://atcoder.jp/contests/abc346/tasks
arc175,AtCoder Regular Contest 175,2024-03-24 20:00:00+08:00,2024-03-24 22:00:00+08:00,https://atcoder.jp/contests/arc175/tasks
abc348,Toyota Programming Contest 2024#4（AtCoder Beginner Contest 348）,2024-04-06 20:00:00+08:00,2024-04-06 21:40:00+08:00,https://atcoder.jp/contests/abc348/tasks
abc321,SuntoryProgrammingContest2023（AtCoder Beginner Contest 321）,2023-09-23 20:00:00+08:00,2023-09-23 21:40:00+08:00,https://atcoder.jp/contests/abc321/tasks
abc322,AtCoder Beginner Contest 322,2023-09-30 20:00:00+08:00,2023-09-30 21:40:00+08:00,https://atcoder.jp/contests/abc322/tasks
arc115,AtCoder Regular Contest 115,2021-03-21 19:00:00+08:00,2021-03-21 21:00:00+08:00,https://atcoder.jp/contests/arc115/tasks
abc206,AtCoder Beginner Contest 206（Sponsored by Panasonic）,2021-06-19 20:00:00+08:00,2021-06-19 21:40:00+08:00,https://atcoder.jp/contests/abc206/tasks
abc335,AtCoder Beginner Contest 335 (Sponsored by Mynavi),2024-01-06 20:00:00+08:00,2024-01-06 21:40:00+08:00,https://atcoder.jp/contests/abc335/tasks
abc280,Denso Create Programming Contest 2022 Winter(AtCoder Beginner Contest 280),2022-12-03 20:00:00+08:00,2022-12-03 21:40:00+08:00,https://atcoder.jp/contests/abc280/tasks
abc285,AtCoder Beginner Contest 285,2023-01-15 20:00:00+08:00,2023-01-15 21:40:00+08:00,https://atcoder.jp/contests/abc285/tasks
abc286,UL Systems Programming Contest 2023(AtCoder Beginner Contest 286),2023-01-21 20:00:00+08:00,2023-01-21 21:40:00+08:00,https://atcoder.jp/contests/abc286/tasks
abc287,UNIQUE VISION Programming Contest 2023 New Year (AtCoder Beginner Contest 287),2023-01-28 20:00:00+08:00,2023-01-28 21:40:00+08:00,https://atcoder.jp/contests/abc287/tasks
abc289,"Ｓｋｙ Inc, Programming Contest 2023（AtCoder Beginner Contest 289）",2023-02-11 20:00:00+08:00,2023-02-11 21:40:00+08:00,https://atcoder.jp/contests/abc289/tasks
abc290,Toyota Programming Contest 2023 Spring Qual B（AtCoder Beginner Contest 290）,2023-02-19 20:00:00+08:00,2023-02-19 21:40:00+08:00,https://atcoder.jp/contests/abc290/tasks
abc291,AtCoder Beginner Contest 291（Sponsored by TOYOTA SYSTEMS）,2023-02-26 20:00:00+08:00,2023-02-26 21:40:00+08:00,https://atcoder.jp/contests/abc291/tasks
abc293,AtCoder Beginner Contest 293,2023-03-11 20:00:00+08:00,2023-03-11 21:40:00+08:00,https://atcoder.jp/contests/abc293/tasks
abc274,キーエンスプログラミングコンテスト2022（AtCoder Beginner Contest 274）,2022-10-22 20:00:00+08:00,2022-10-22 21:40:00+08:00,https://atcoder.jp/contests/abc274/tasks
arc143,AtCoder Regular Contest 143,2022-06-26 20:00:00+08:00,2022-06-26 22:00:00+08:00,https://atcoder.jp/contests/arc143/tasks
abc313,AtCoder Beginner Contest 313,2023-08-05 20:00:00+08:00,2023-08-05 21:40:00+08:00,https://atcoder.jp/contests/abc313/tasks
arc156,AtCoder Regular Contest 156,2023-02-18 20:00:00+08:00,2023-02-18 22:00:00+08:00,https://atcoder.jp/contests/arc156/tasks
abc299,Tokio Marine & Nichido Fire Insurance Programming Contest 2023（AtCoder Beginner Contest 299),2023-04-22 20:00:00+08:00,2023-04-22 21:40:00+08:00,https://atcoder.jp/contests/abc299/tasks
abc303,NS Solutions Corporation Programming Contest 2023（AtCoder Beginner Contest 303）,2023-05-27 20:00:00+08:00,2023-05-27 21:40:00+08:00,https://atcoder.jp/contests/abc303/tasks
panasonic2020,Panasonic Programming Contest 2020,2020-03-14 20:00:00+08:00,2020-03-14 21:40:00+08:00,https://atcoder.jp/contests/panasonic2020/tasks
tokiomarine2020,Tokio Marine & Nichido Fire Insurance Programming Contest 2020,2020-06-13 20:00:00+08:00,2020-06-13 22:00:00+08:00,https://atcoder.jp/contests/tokiomarine2020/tasks
abc175,AtCoder Beginner Contest 175,2020-08-15 20:00:00+08:00,2020-08-15 21:40:00+08:00,https://atcoder.jp/contests/abc175/tasks
abc188,AtCoder Beginner Contest 188,2021-01-10 20:00:00+08:00,2021-01-10 21:40:00+08:00,https://atcoder.jp/contests/abc188/tasks
abc355,Tokio Marine & Nichido Fire Insurance Programming Contest 2024（AtCoder Beginner Contest 355),2024-05-25 20:00:00+08:00,2024-05-25 21:40:00+08:00,https://atcoder.jp/contests/abc355/tasks
abc358,AtCoder Beginner Contest 358,2024-06-15 20:00:00+08:00,2024-06-15 21:40:00+08:00,https://atcoder.jp/contests/abc358/tasks
arc160,AtCoder Regular Contest 160,2023-05-14 20:00:00+08:00,2023-05-14 22:00:00+08:00,https://atcoder.jp/contests/arc160/tasks
arc161,AtCoder Regular Contest 161,2023-05-28 20:00:00+08:00,2023-05-28 22:00:00+08:00,https://atcoder.jp/contests/arc161/tasks
abc311,Toyota Programming Contest 2023#4（AtCoder Beginner Contest 311）,2023-07-22 20:00:00+08:00,2023-07-22 21:40:00+08:00,https://atcoder.jp/contests/abc311/tasks
abc318,THIRD PROGRAMMING CONTEST 2023 ALGO（AtCoder Beginner Contest 318）,2023-09-02 20:00:00+08:00,2023-09-02 21:40:00+08:00,https://atcoder.jp/contests/abc318/tasks
arc151,AtCoder Regular Contest 151,2022-10-16 20:00:00+08:00,2022-10-16 22:00:00+08:00,https://atcoder.jp/contests/arc151/tasks
abc266,AtCoder Beginner Contest 266,2022-08-27 20:00:00+08:00,2022-08-27 21:40:00+08:00,https://atcoder.jp/contests/abc266/tasks
abc298,TOYOTA MOTOR CORPORATION Programming Contest 2023#1 (AtCoder Beginner Contest 298),2023-04-15 20:00:00+08:00,2023-04-15 21:40:00+08:00,https://atcoder.jp/contests/abc298/tasks
agc061,AtCoder Grand Contest 061,2023-02-12 20:00:00+08:00,2023-02-12 23:00:00+08:00,https://atcoder.jp/contests/agc061/tasks
arc170,AtCoder Regular Contest 170,2024-01-21 20:00:00+08:00,2024-01-21 22:00:00+08:00,https://atcoder.jp/contests/arc170/tasks
abc300,UNIQUE VISION Programming Contest 2023 Spring(AtCoder Beginner Contest 300),2023-04-29 20:00:00+08:00,2023-04-29 21:40:00+08:00,https://atcoder.jp/contests/abc300/tasks
