contest_id,contest_name,end_time,link
3638,2024小学期程序设计实训竞-赛-班专题训练六（数学专题）-补题,2024-07-14 22:00:00,https://www.buctcoder.com/contest.php?cid=3638
3637,2024小学期程序设计实训竞-赛-班专题训练八（进阶数据结构专题）-提高篇,2024-07-14 22:00:00,https://www.buctcoder.com/contest.php?cid=3637
3636,2024小学期程序设计实训竞-赛-班专题训练五（图论专题）-补题,2024-07-14 22:00:00,https://www.buctcoder.com/contest.php?cid=3636
3634, 衡水学院7月12日训练,2024-07-15 22:00:00,https://www.buctcoder.com/contest.php?cid=3634
3633, 衡水学院7月11日训练,2024-07-15 22:00:00,https://www.buctcoder.com/contest.php?cid=3633
3632, 衡水学院7月10日训练,2024-07-15 22:00:00,https://www.buctcoder.com/contest.php?cid=3632
3631, 衡水学院7月9日训练,2024-07-15 22:00:00,https://www.buctcoder.com/contest.php?cid=3631
3630,2024小学期程序设计实训竞-赛-班专题训练四（动态规划专题）-补题,2024-07-14 22:00:00,https://www.buctcoder.com/contest.php?cid=3630
3629,2024小学期程序设计实训竞-赛-班专题训练七（分治二分与倍增专题）—提高篇,2024-07-14 22:00:00,https://www.buctcoder.com/contest.php?cid=3629
3628, 衡水学院7月8日训练,2024-07-15 22:00:00,https://www.buctcoder.com/contest.php?cid=3628
3626,衡水学院7月5日训练,2024-07-08 22:00:00,https://www.buctcoder.com/contest.php?cid=3626
3625,【在线编程平台】2024小学期程序设计实训竞赛班专题训练三（模拟专题）-补题,2024-07-14 22:00:00,https://www.buctcoder.com/contest.php?cid=3625
3624,衡水学院7月4日训练,2024-07-07 22:00:00,https://www.buctcoder.com/contest.php?cid=3624
3623,衡水学院7月3日训练,2024-07-06 22:00:00,https://www.buctcoder.com/contest.php?cid=3623
3622,2024小学期程序设计实训竞-赛-班专题训练二（数据结构专题、搜索专题）-补题,2024-07-14 22:00:00,https://www.buctcoder.com/contest.php?cid=3622
3621,衡水学院7月2日训练,2024-07-05 22:00:00,https://www.buctcoder.com/contest.php?cid=3621
3620,2024小学期程序设计实训竞-赛-班专题训练一（STL专题、思维专题、贪心专题）-补题,2024-07-14 22:00:00,https://www.buctcoder.com/contest.php?cid=3620
3619,2024小学期程序设计实训(0710)-补题,2024-07-10 23:55:00,https://www.buctcoder.com/contest.php?cid=3619
3618,2024小学期程序设计实训(0709)-补题,2024-07-10 23:55:00,https://www.buctcoder.com/contest.php?cid=3618
3617,2024小学期程序设计实训(0708)-补题,2024-07-10 23:55:00,https://www.buctcoder.com/contest.php?cid=3617
3616,2024小学期程序设计实训(0704)-补题,2024-07-10 23:55:00,https://www.buctcoder.com/contest.php?cid=3616
3615,2024小学期程序设计实训(0703)-补题,2024-07-10 23:55:00,https://www.buctcoder.com/contest.php?cid=3615
3614,2024小学期程序设计实训(0702)-补题,2024-07-10 23:55:00,https://www.buctcoder.com/contest.php?cid=3614
3613,2024小学期程序设计实训(0701)-补题,2024-07-10 23:55:00,https://www.buctcoder.com/contest.php?cid=3613
3612,2024小学期程序设计实训竞-赛-班专题训练之菜鸟练手-补题,2024-07-14 22:00:00,https://www.buctcoder.com/contest.php?cid=3612
3611,衡水学院7月1日训练,2024-07-03 22:00:00,https://www.buctcoder.com/contest.php?cid=3611
3610,2024小学期程序设计实训(0710),2024-07-10 11:30:00,https://www.buctcoder.com/contest.php?cid=3610
3609,2024小学期程序设计实训(0709),2024-07-09 11:30:00,https://www.buctcoder.com/contest.php?cid=3609
3608,2024小学期程序设计实训(0708),2024-07-08 11:30:00,https://www.buctcoder.com/contest.php?cid=3608
3607,2024小学期程序设计实训(0704),2024-07-04 11:30:00,https://www.buctcoder.com/contest.php?cid=3607
3606,2024小学期程序设计实训(0703),2024-07-03 11:30:00,https://www.buctcoder.com/contest.php?cid=3606
3605,2024小学期程序设计实训(0702),2024-07-02 11:30:00,https://www.buctcoder.com/contest.php?cid=3605
3604,2024小学期程序设计实训(0701),2024-07-01 11:30:00,https://www.buctcoder.com/contest.php?cid=3604
3600,2024小学期程序设计实训竞-赛-班专题训练六（数学专题）,2024-07-10 11:50:00,https://www.buctcoder.com/contest.php?cid=3600
3599,2024小学期程序设计实训竞-赛-班专题训练五（图论专题）,2024-07-09 11:50:00,https://www.buctcoder.com/contest.php?cid=3599
3598,2024小学期程序设计实训竞-赛-班专题训练之菜鸟练手,2024-07-01 11:50:00,https://www.buctcoder.com/contest.php?cid=3598
3597,2024小学期程序设计实训竞-赛-班专题训练四（动态规划专题）,2024-07-08 11:50:00,https://www.buctcoder.com/contest.php?cid=3597
3596,2024小学期程序设计实训竞-赛-班专题训练三（模拟专题）,2024-07-04 11:50:00,https://www.buctcoder.com/contest.php?cid=3596
3595,2024小学期程序设计实训竞-赛-班专题训练二（数据结构专题、搜索专题）,2024-07-03 11:50:00,https://www.buctcoder.com/contest.php?cid=3595
3594,2024小学期程序设计实训竞-赛-班专题训练一（STL专题、思维专题、贪心专题）,2024-07-02 11:50:00,https://www.buctcoder.com/contest.php?cid=3594
3591,2024年ACM 竞-赛-班第二次专题复习,2024-06-13 15:40:00,https://www.buctcoder.com/contest.php?cid=3591
3579,2024年ACM 竞-赛班第一次专题复习,2024-06-06 21:00:00,https://www.buctcoder.com/contest.php?cid=3579
3573,北京化工大学第十九届程序设计竞赛 - 校赛-补题,剩余,https://www.buctcoder.com/contest.php?cid=3573
3572,北京化工大学第十九届程序设计竞赛 - 校赛,2024-05-26 13:00:00,https://www.buctcoder.com/contest.php?cid=3572
3571,北京化工大学第十九届程序设计竞 赛 - 女生赛-补题,剩余,https://www.buctcoder.com/contest.php?cid=3571
3570,北京化工大学第十九届程序设计竞赛 - 女生赛,2024-05-25 16:00:00,https://www.buctcoder.com/contest.php?cid=3570
3569,2024年ACM 竞赛班练习（七：动态规划）补题,运行中,https://www.buctcoder.com/contest.php?cid=3569
3568,2024年ACM 竞-赛-班测验（七：动态规划）,2024-05-23 20:20:00,https://www.buctcoder.com/contest.php?cid=3568
3567,2024年ACM 竞-赛-班练习（七：动态规划）,2024-05-23 18:30:00,https://www.buctcoder.com/contest.php?cid=3567
3566,2023-2024-2 ACM集训队每周程序设计竞 赛（11）-补题,2024-05-25 17:00:00,https://www.buctcoder.com/contest.php?cid=3566
3565,2023-2024-2 ACM集训队每周程序设计竞赛（11）,2024-05-24 17:00:00,https://www.buctcoder.com/contest.php?cid=3565
3560,2023-2024-2程序设计Ⅰ-国机-复习补题.shi,2024-05-27 12:00:00,https://www.buctcoder.com/contest.php?cid=3560
3558,2024年ACM 竞赛班补题（六：模拟专题）,运行中,https://www.buctcoder.com/contest.php?cid=3558
3556,2023-2024-2 ACM集训队每周程序设计竞赛（10）,2024-05-17 17:00:00,https://www.buctcoder.com/contest.php?cid=3556
3555,竞赛&作业3555,2024-05-16 23:00:00,https://www.buctcoder.com/contest.php?cid=3555
3553,2024年ACM 竞赛班测验（六：模拟专题）,2024-05-16 20:20:00,https://www.buctcoder.com/contest.php?cid=3553
3552,2024年ACM 竞赛班练习（六：模拟专题）,已结束,https://www.buctcoder.com/contest.php?cid=3552
3548,2024睿抗-CAIP编程技能赛 选拔赛  补题,2024-07-11 00:00:00,https://www.buctcoder.com/contest.php?cid=3548
3546,JudgeConfTest,2024-05-30 13:00:00,https://www.buctcoder.com/contest.php?cid=3546
3545,2023-2024-2 ACM集训队每周程序设计竞赛（9）-补题,剩余,https://www.buctcoder.com/contest.php?cid=3545
3544,2023-2024-2 ACM集训队每周程序设计竞赛（9）,2024-05-10 17:00:00,https://www.buctcoder.com/contest.php?cid=3544
3534,2023-2024-2程序设计Ⅰ-国机-上机11.20240506.shi-补题,2024-05-07 23:59:00,https://www.buctcoder.com/contest.php?cid=3534
3532,2023-2024-2程序设计Ⅰ-国机-上机11.20240506.shi,2024-05-06 17:15:00,https://www.buctcoder.com/contest.php?cid=3532
3531,计科2201~2205算法设计与分析复习,2024-05-11 00:00:00,https://www.buctcoder.com/contest.php?cid=3531
3530,睿抗-CAIP编程应用赛道劳动节练习题（2）,2024-05-05 23:00:00,https://www.buctcoder.com/contest.php?cid=3530
3529,睿抗-CAIP编程应用赛道劳动节练习题（1）,2024-05-05 23:00:00,https://www.buctcoder.com/contest.php?cid=3529
3528,2023-2024-2程序设计Ⅰ-国机-上机10.20240429.shi-补题,2024-04-30 23:59:00,https://www.buctcoder.com/contest.php?cid=3528
3526,2023-2024-2程序设计Ⅰ-国机-上机10.20240429.shi,2024-04-29 17:15:00,https://www.buctcoder.com/contest.php?cid=3526
3525,2023-2024-2 ACM集训队每周程序设计竞-赛（8）	-补题,剩余,https://www.buctcoder.com/contest.php?cid=3525
3522,2024ACM竞-赛-班劳动节练习（二）,2024-05-12 23:00:00,https://www.buctcoder.com/contest.php?cid=3522
3521,2024ACM竞-赛-班劳动节练习（一）,2024-05-12 23:00:00,https://www.buctcoder.com/contest.php?cid=3521
3515,2024年ACM竞-赛-班线上练习0425,2024-04-25 21:00:00,https://www.buctcoder.com/contest.php?cid=3515
3509,2023-2024-2 ACM集训队每周程序设计竞-赛（7）-补题,剩余,https://www.buctcoder.com/contest.php?cid=3509
3507,2024年ACM 竞赛班训练补题（五：搜索专题）,剩余,https://www.buctcoder.com/contest.php?cid=3507
3506,2024年ACM 竞赛班测验（五：搜索专题）,2024-04-18 20:20:00,https://www.buctcoder.com/contest.php?cid=3506
3505,2024年ACM 竞赛班练习（五：搜索专题）,已结束,https://www.buctcoder.com/contest.php?cid=3505
3500,321,剩余,https://www.buctcoder.com/contest.php?cid=3500
3498,2023-2024-2 ACM集训队每周程序设计竞 赛（6）-补题,剩余,https://www.buctcoder.com/contest.php?cid=3498
3497,2023-2024-2 ACM集训队每周程序设计竞赛（6）,2024-04-12 17:00:00,https://www.buctcoder.com/contest.php?cid=3497
3492,2024年ACM 竞赛班训练补题（四：基础数据结构专题）,剩余,https://www.buctcoder.com/contest.php?cid=3492
3491,2024年ACM 竞赛班测验（四：基础数据结构专题）,2024-04-11 20:20:00,https://www.buctcoder.com/contest.php?cid=3491
3490,2024年ACM 竞赛班练习（四：基础数据结构专题）,已结束,https://www.buctcoder.com/contest.php?cid=3490
3488,【在线编程平台】2023-2024-2程序设计Ⅰ-国机-上机8.202404015.shi,2024-04-15 20:45:00,https://www.buctcoder.com/contest.php?cid=3488
3485,【在线编程平台】2023-2024-2程序设计Ⅰ-国机-上机7.20240408.shi,2024-04-08 19:25:00,https://www.buctcoder.com/contest.php?cid=3485
3484,2023-2024-2 ACM集训队每周程序设计竞 赛（5）-补题,剩余,https://www.buctcoder.com/contest.php?cid=3484
3483,2023-2024-2 ACM集训队每周程序设计竞赛（5）,2024-04-05 17:00:00,https://www.buctcoder.com/contest.php?cid=3483
3482,2019蓝桥杯初赛真题,2024-04-07 22:00:00,https://www.buctcoder.com/contest.php?cid=3482
3481,2018蓝桥杯初赛真题,2024-04-07 22:00:00,https://www.buctcoder.com/contest.php?cid=3481
3480,【在线编程平台】2023-2024-2程序设计Ⅰ-国机-上机6.20240401.shi,2024-04-02 21:40:00,https://www.buctcoder.com/contest.php?cid=3480
3475,2017蓝桥杯初赛真题,2024-03-31 22:00:00,https://www.buctcoder.com/contest.php?cid=3475
3474,2023-2024-2 ACM集训队每周程序设计竞赛（4）-补题,2024-03-30 18:00:00,https://www.buctcoder.com/contest.php?cid=3474
3473,2023-2024-2 ACM集训队每周程序设计竞赛（4）,2024-03-29 18:10:00,https://www.buctcoder.com/contest.php?cid=3473
3472,2024年ACM 竞赛班训练补题（三：贪心专题）,剩余,https://www.buctcoder.com/contest.php?cid=3472
3471,2024年ACM 竞赛班测验（三：贪心专题）,2024-03-28 20:20:00,https://www.buctcoder.com/contest.php?cid=3471
3470,2024年ACM 竞赛班练习（三：贪心专题）,已结束,https://www.buctcoder.com/contest.php?cid=3470
3468,【在线编程平台】2023-2024-2程序设计Ⅰ-国机-上机5.20240325.shi,2024-03-25 21:09:00,https://www.buctcoder.com/contest.php?cid=3468
3465,2016蓝桥杯初赛真题-Copy(补题),剩余,https://www.buctcoder.com/contest.php?cid=3465
3464,2016蓝桥杯初赛真题,2024-03-23 21:00:00,https://www.buctcoder.com/contest.php?cid=3464
3463,2023-2024-2 ACM集训队每周程序设计竞赛（3）-补题,运行中,https://www.buctcoder.com/contest.php?cid=3463
3462,2023-2024-2 ACM集训队每周程序设计竞赛（3）,2024-03-22 17:00:00,https://www.buctcoder.com/contest.php?cid=3462
3461,2024年ACM 竞赛班训练补题（二：思维专题）,剩余,https://www.buctcoder.com/contest.php?cid=3461
3460,2024年ACM 竞赛班测验（二：思维专题）,2024-03-21 20:20:00,https://www.buctcoder.com/contest.php?cid=3460
3459,2024年ACM 竞赛班练习（二：思维专题）,已结束,https://www.buctcoder.com/contest.php?cid=3459
3458,T,2024-04-20 00:00:00,https://www.buctcoder.com/contest.php?cid=3458
3456,【在线编程平台】2023-2024-2程序设计Ⅰ-国机-上机4.20240318.shi,2024-03-18 22:00:00,https://www.buctcoder.com/contest.php?cid=3456
3453,2024年ACM 竞赛班训练补题（一：STL专题）,剩余,https://www.buctcoder.com/contest.php?cid=3453
3452,2015-2016蓝桥杯初赛真题 -补题,剩余,https://www.buctcoder.com/contest.php?cid=3452
3451,2015-2016蓝桥杯初赛真题,2024-03-17 22:00:00,https://www.buctcoder.com/contest.php?cid=3451
3450,2023-2024-2 ACM集训队每周程序设计竞赛（2）-补题,运行中,https://www.buctcoder.com/contest.php?cid=3450
3449,2023-2024-2 ACM集训队每周程序设计竞赛（2）,2024-03-15 17:00:00,https://www.buctcoder.com/contest.php?cid=3449
3447,【在线编程平台】2023-2024-2程序设计Ⅰ-国机-上机3.20240311.shi-补题,2024-03-12 22:00:00,https://www.buctcoder.com/contest.php?cid=3447
3446,2024年ACM 竞赛班测验（一：STL专题）,2024-03-14 20:20:00,https://www.buctcoder.com/contest.php?cid=3446
3445,2024年ACM 竞赛班练习（一：STL专题）,已结束,https://www.buctcoder.com/contest.php?cid=3445
3444,【在线编程平台】2023-2024-2程序设计Ⅰ-国机-上机3.20240311.shi,2024-03-11 17:15:00,https://www.buctcoder.com/contest.php?cid=3444
3440,2023-2024-2 ACM集训队每周程序设计竞 赛（1）-补题,剩余,https://www.buctcoder.com/contest.php?cid=3440
3439,2023-2024-2 ACM集训队每周程序设计竞赛（1）,2024-03-08 17:00:00,https://www.buctcoder.com/contest.php?cid=3439
3422,【在线编程平台】2023-2024-2程序设计Ⅰ-国机-上机2.20240304.shi,2024-03-31 17:15:00,https://www.buctcoder.com/contest.php?cid=3422
3419,2023-2024-2程序设计Ⅰ-国机-上机1.20240226.shi,2024-03-31 17:15:00,https://www.buctcoder.com/contest.php?cid=3419
3418,SaturdayTest,2024-04-25 23:00:00,https://www.buctcoder.com/contest.php?cid=3418
3417,2024寒假集训 进阶训练赛 （十九)-补题,剩余,https://www.buctcoder.com/contest.php?cid=3417
3416,2024寒假集训-排位赛竞 赛（五）-补题,剩余,https://www.buctcoder.com/contest.php?cid=3416
3415,2024寒假集训-排位赛竞赛（五）,2024-02-23 15:00:00,https://www.buctcoder.com/contest.php?cid=3415
3414,2024寒假集训 进阶训练赛 （十九),2024-02-22 22:00:00,https://www.buctcoder.com/contest.php?cid=3414
3413,2024寒假集训 进阶训练赛 （十八)-补题,剩余,https://www.buctcoder.com/contest.php?cid=3413
3412,2024寒假集训 进阶训练赛 （十八),2024-02-21 22:00:00,https://www.buctcoder.com/contest.php?cid=3412
3411,2024寒假集训 进阶训练赛 （十七)-补题,剩余,https://www.buctcoder.com/contest.php?cid=3411
3410,2024寒假集训 进阶训练赛 （十七),2024-02-20 22:00:00,https://www.buctcoder.com/contest.php?cid=3410
3409,2024寒假集训 进阶训练赛 （十六)-补题,剩余,https://www.buctcoder.com/contest.php?cid=3409
3408,2024寒假集训 进阶训练赛 （十六),2024-02-19 22:00:00,https://www.buctcoder.com/contest.php?cid=3408
3407,2024寒假集训-排位赛竞 赛（四）-补题,剩余,https://www.buctcoder.com/contest.php?cid=3407
3406,2024寒假集训-排位赛竞赛（四）,2024-02-08 15:00:00,https://www.buctcoder.com/contest.php?cid=3406
3405,2024寒假集训 进阶训练赛 （十五) -补题,剩余,https://www.buctcoder.com/contest.php?cid=3405
3404,2024寒假集训 进阶训练赛 （十五) ,2024-02-07 22:00:00,https://www.buctcoder.com/contest.php?cid=3404
3403,2024寒假集训 进阶训练赛 （十四) -补题,剩余,https://www.buctcoder.com/contest.php?cid=3403
3402,2024寒假集训 进阶训练赛 （十四) ,2024-02-06 22:00:00,https://www.buctcoder.com/contest.php?cid=3402
3401,2024寒假集训 进阶训练赛 （十三) -补题,剩余,https://www.buctcoder.com/contest.php?cid=3401
3400,2024寒假集训 进阶训练赛 （十三) ,2024-02-05 22:00:00,https://www.buctcoder.com/contest.php?cid=3400
3399,2024寒假集训-排位赛竞 赛（三）-补题,剩余,https://www.buctcoder.com/contest.php?cid=3399
3398,2024寒假集训-排位赛竞赛（三）,2024-02-02 15:00:00,https://www.buctcoder.com/contest.php?cid=3398
3397,J5专项训练,2024-02-22 12:00:00,https://www.buctcoder.com/contest.php?cid=3397
3396,2024寒假集训 进阶训练赛 （十二) -补题,剩余,https://www.buctcoder.com/contest.php?cid=3396
3395,2024寒假集训 进阶训练赛 （十二) ,2024-02-01 22:00:00,https://www.buctcoder.com/contest.php?cid=3395
3394,2024寒假集训 进阶训练赛 （十一) -补题,剩余,https://www.buctcoder.com/contest.php?cid=3394
3393,2024寒假集训 进阶训练赛 （十一),2024-01-31 22:00:00,https://www.buctcoder.com/contest.php?cid=3393
3392,2024寒假集训 进阶训练赛 （十）-补题,剩余,https://www.buctcoder.com/contest.php?cid=3392
3391,2024寒假集训 进阶训练赛 （十）,2024-01-30 22:00:00,https://www.buctcoder.com/contest.php?cid=3391
3390,2024寒假集训 进阶训练赛 （九）-补题,剩余,https://www.buctcoder.com/contest.php?cid=3390
3389,2024寒假集训 进阶训练赛 （九）,2024-01-29 22:00:00,https://www.buctcoder.com/contest.php?cid=3389
3388,2024寒假集训-排位赛竞 赛（二）-补题,剩余,https://www.buctcoder.com/contest.php?cid=3388
3387,2024寒假集训-排位赛竞赛（二）,2024-01-26 15:00:00,https://www.buctcoder.com/contest.php?cid=3387
3386,2024寒假集训 进阶训练赛 （八）-补题,剩余,https://www.buctcoder.com/contest.php?cid=3386
3385,2024寒假集训 进阶训练赛 （八）,2024-01-25 22:00:00,https://www.buctcoder.com/contest.php?cid=3385
3384,2024寒假集训 进阶训练赛 （七）-补题,剩余,https://www.buctcoder.com/contest.php?cid=3384
3383,2024寒假集训 进阶训练赛 （七）,2024-01-24 22:00:00,https://www.buctcoder.com/contest.php?cid=3383
3382,2024寒假集训 进阶训练赛 （六）-补题,剩余,https://www.buctcoder.com/contest.php?cid=3382
3381,2024寒假集训 进阶训练赛 （六）,2024-01-23 22:00:00,https://www.buctcoder.com/contest.php?cid=3381
3380,2024寒假集训 进阶训练赛 （五）-补题,剩余,https://www.buctcoder.com/contest.php?cid=3380
3379,2024寒假集训 进阶训练赛 （五）,2024-01-22 22:00:00,https://www.buctcoder.com/contest.php?cid=3379
3378,2024寒假集训 进阶训练赛 （四）- 补题,2024-03-18 02:00:00,https://www.buctcoder.com/contest.php?cid=3378
3377,2024寒假集训-排位赛竞 赛（一）- 补题,剩余,https://www.buctcoder.com/contest.php?cid=3377
3376,2024寒假集训-排位赛竞赛（一）,2024-01-19 15:00:00,https://www.buctcoder.com/contest.php?cid=3376
3375,2024寒假集训 进阶训练赛 （四）,2024-01-18 22:00:00,https://www.buctcoder.com/contest.php?cid=3375
3374,2024寒假集训 进阶训练赛 （三）- 补题,2024-03-17 00:00:00,https://www.buctcoder.com/contest.php?cid=3374
3373,2024寒假集训 进阶训练赛 （三）,2024-01-17 22:00:00,https://www.buctcoder.com/contest.php?cid=3373
3372,2024寒假集训 进阶训练赛 （二）- 补题,2024-03-16 01:00:00,https://www.buctcoder.com/contest.php?cid=3372
3370,2024寒假集训 进阶训练赛 （二）,2024-01-16 22:00:00,https://www.buctcoder.com/contest.php?cid=3370
3369,2024寒假集训 进阶训练赛 （一）- 补题,2024-03-15 01:00:00,https://www.buctcoder.com/contest.php?cid=3369
3368,2024寒假集训 进阶训练赛 （一）,2024-01-15 22:00:00,https://www.buctcoder.com/contest.php?cid=3368
3367,J4专项训练,2024-02-03 02:00:00,https://www.buctcoder.com/contest.php?cid=3367
3366,2023-2024-1程序设计Ⅱ-国机-补题.20240106-20240110.shi,2024-01-10 12:00:00,https://www.buctcoder.com/contest.php?cid=3366
3365,Data Structure_2023_Big Data 2201-2202_Homework-【补题12-15】,已结束,https://www.buctcoder.com/contest.php?cid=3365
3360,Data Structure_2023_Big Data 2201-2202_Homework-15,已结束,https://www.buctcoder.com/contest.php?cid=3360
3356,bfs专项练习,剩余,https://www.buctcoder.com/contest.php?cid=3356
3354,2023-2024-1 ACM集训队周赛（13）-补题,剩余,https://www.buctcoder.com/contest.php?cid=3354
3353,2023-2024-1 ACM集训队每周程序设计竞赛（13）,2023-12-15 17:00:00,https://www.buctcoder.com/contest.php?cid=3353
3352,Data Structure_2023_Big Data 2201-2202_Homework-14,已结束,https://www.buctcoder.com/contest.php?cid=3352
3350,Data Structure_2023_Big Data 2201-2202_Homework-13,已结束,https://www.buctcoder.com/contest.php?cid=3350
3347,2023-2024-1 ACM集训队每周程序设计竞 赛（12）补题,剩余,https://www.buctcoder.com/contest.php?cid=3347
3346,2023-2024-1 ACM集训队每周程序设计竞赛（12）,2023-12-08 17:00:00,https://www.buctcoder.com/contest.php?cid=3346
3344,北京化工大学第十八届程序设计新生赛正式赛【补题模式】,2023-12-17 17:00:00,https://www.buctcoder.com/contest.php?cid=3344
3343,北京化工大学第十八届程序设计新生赛正式赛【竞赛模式】,2023-12-03 12:40:00,https://www.buctcoder.com/contest.php?cid=3343
3342,北京化工大学第十八届程序设计新生赛热身赛【补题模式】,2023-12-02 23:00:00,https://www.buctcoder.com/contest.php?cid=3342
3340,北京化工大学第十八届程序设计新生赛热身赛【竞赛模式】,2023-12-01 16:30:00,https://www.buctcoder.com/contest.php?cid=3340
3338,Data Structure_2023_Big Data 2201-2202_Homework-12,已结束,https://www.buctcoder.com/contest.php?cid=3338
3336,2023-2024-1 ACM集训队每周程序设计竞 赛（11）补题,剩余,https://www.buctcoder.com/contest.php?cid=3336
3335,2023-2024-1 ACM集训队每周程序设计竞赛（11）,2023-12-01 17:00:00,https://www.buctcoder.com/contest.php?cid=3335
3334,二分练习,2023-12-09 00:00:00,https://www.buctcoder.com/contest.php?cid=3334
3332,2023-2024-1 ACM集训队每周程序设计竞 赛（10）-补题,剩余,https://www.buctcoder.com/contest.php?cid=3332
3331,2023-2024-1 ACM集训队每周程序设计竞赛（10）,2023-11-24 17:00:00,https://www.buctcoder.com/contest.php?cid=3331
3330,Data Structure_2023_Big Data 2201-2202_Homework-【补题7-11】,已结束,https://www.buctcoder.com/contest.php?cid=3330
3329,Data Structure_2023_Big Data 2201-2202_Homework-11,已结束,https://www.buctcoder.com/contest.php?cid=3329
3327,【实验课1116】Data Structure_2023_Big Data 2201-2202,2023-11-16 17:15:00,https://www.buctcoder.com/contest.php?cid=3327
3326,Data Structure_2023_Big Data 2201-2202_Homework-10,已结束,https://www.buctcoder.com/contest.php?cid=3326
3321,2023-2024-1 ACM集训队每周程序设计竞 赛（9）-补题,2023-11-30 22:00:00,https://www.buctcoder.com/contest.php?cid=3321
3320,2023-2024-1 ACM集训队每周程序设计竞赛（9）,2023-11-17 17:00:00,https://www.buctcoder.com/contest.php?cid=3320
3319,C++ practice,2024-02-02 22:00:00,https://www.buctcoder.com/contest.php?cid=3319
3318,北京化工大学2022年程序设计新生赛真题,2023-12-09 23:00:00,https://www.buctcoder.com/contest.php?cid=3318
3317,北京化工大学2021年程序设计新生赛真题,2023-12-09 23:00:00,https://www.buctcoder.com/contest.php?cid=3317
3316,北京化工大学2020年程序设计新生赛真题,2023-12-09 23:00:00,https://www.buctcoder.com/contest.php?cid=3316
3313,CCC test1 ,2023-12-18 09:00:00,https://www.buctcoder.com/contest.php?cid=3313
3312,2023-2024-1 ACM集训队每周程序设计竞 赛（8）-补题,2024-06-07 02:00:00,https://www.buctcoder.com/contest.php?cid=3312
3311,2023-2024-1 ACM集训队每周程序设计竞赛（8）,2023-11-10 17:00:00,https://www.buctcoder.com/contest.php?cid=3311
3309,【实验课1109】Data Structure_2023_Big Data 2201-2202,2023-11-09 17:15:00,https://www.buctcoder.com/contest.php?cid=3309
3308,Data Structure_2023_Big Data 2201-2202_Homework-9,已结束,https://www.buctcoder.com/contest.php?cid=3308
3305,2023数据结构补题二,2024-04-25 21:00:00,https://www.buctcoder.com/contest.php?cid=3305
3304,CCCTest,2023-11-13 22:00:00,https://www.buctcoder.com/contest.php?cid=3304
3303,2023-2024-1 ACM集训队每周程序设计竞 赛（7）-补题,剩余,https://www.buctcoder.com/contest.php?cid=3303
3302,2023-2024-1 ACM集训队每周程序设计竞赛（7）,2023-11-03 17:00:00,https://www.buctcoder.com/contest.php?cid=3302
3300,Data Structure_2023_Big Data 2201-2202_Homework-8,已结束,https://www.buctcoder.com/contest.php?cid=3300
3299,【实验课1102】Data Structure_2023_Big Data 2201-2202,2023-11-02 17:15:00,https://www.buctcoder.com/contest.php?cid=3299
3295,2023-2024-1 ACM集训队每周程序设计竞 赛（6）-补题,剩余,https://www.buctcoder.com/contest.php?cid=3295
3294,2023-2024-1 ACM集训队每周程序设计竞赛（6）,2023-10-27 17:00:00,https://www.buctcoder.com/contest.php?cid=3294
3293,Data Structure_2023_Big Data 2201-2202_Homework-7,已结束,https://www.buctcoder.com/contest.php?cid=3293
3292,【实验课1026】Data Structure_2023_Big Data 2201-2202,2023-10-26 17:15:00,https://www.buctcoder.com/contest.php?cid=3292
3282,Data Structure_2023_Big Data 2201-2202_Homework-【补题1-6】,已结束,https://www.buctcoder.com/contest.php?cid=3282
3281,【实验课-补题1-6】Data Structure_2023_Big Data 2201-2202,2024-01-03 23:59:00,https://www.buctcoder.com/contest.php?cid=3281
3278,2023-2024-1 ACM集训队每周程序设计竞 赛（5）-补题,剩余,https://www.buctcoder.com/contest.php?cid=3278
3277,2023-2024-1 ACM集训队每周程序设计竞赛（5）,2023-10-20 17:00:00,https://www.buctcoder.com/contest.php?cid=3277
3276,【实验课1019】Data Structure_2023_Big Data 2201-2202,2023-10-19 17:15:00,https://www.buctcoder.com/contest.php?cid=3276
3275,Data Structure_2023_Big Data 2201-2202_Homework-6,已结束,https://www.buctcoder.com/contest.php?cid=3275
3268,【实验课1012】Data Structure_2023_Big Data 2201-2202,2023-10-12 17:15:00,https://www.buctcoder.com/contest.php?cid=3268
3267,Data Structure_2023_Big Data 2201-2202_Homework-5,已结束,https://www.buctcoder.com/contest.php?cid=3267
3262,2023-2024-1 ACM集训队每周程序设计竞赛（4）-补题,运行中,https://www.buctcoder.com/contest.php?cid=3262
3261,2023-2024-1 ACM集训队每周程序设计竞赛（4）,2023-10-13 17:00:00,https://www.buctcoder.com/contest.php?cid=3261
3260,test,剩余,https://www.buctcoder.com/contest.php?cid=3260
3259,2023-2024-1 ACM集训队每周程序设计竞 赛（3）补题,剩余,https://www.buctcoder.com/contest.php?cid=3259
3258,2023-2024-1 ACM集训队每周程序设计竞赛（3）,2023-09-29 17:00:00,https://www.buctcoder.com/contest.php?cid=3258
3257,Data Structure_2023_Big Data 2201-2202_Homework-4,已结束,https://www.buctcoder.com/contest.php?cid=3257
3256,【实验课0928】Data Structure_2023_Big Data 2201-2202,2023-09-28 17:15:00,https://www.buctcoder.com/contest.php?cid=3256
3248,Py,剩余,https://www.buctcoder.com/contest.php?cid=3248
3247,Data Structure_2023_Big Data 2201-2202_Homework-3,已结束,https://www.buctcoder.com/contest.php?cid=3247
3246,【实验课0921】Data Structure_2023_Big Data 2201-2202 ,2023-09-21 17:15:00,https://www.buctcoder.com/contest.php?cid=3246
3243,2023-2024-1 ACM集训队每周程序设计竞 赛（2）补题,剩余,https://www.buctcoder.com/contest.php?cid=3243
3242,2023-2024-1 ACM集训队每周程序设计竞赛（2）,2023-09-22 22:00:00,https://www.buctcoder.com/contest.php?cid=3242
3240,2023年数据结构补题,2024-04-30 12:00:00,https://www.buctcoder.com/contest.php?cid=3240
3239,2023-2024-1 ACM集训队每周程序设计竞 赛（1）补题,剩余,https://www.buctcoder.com/contest.php?cid=3239
3238,2023-2024-1 ACM集训队每周程序设计竞赛（1）,2023-09-15 17:00:00,https://www.buctcoder.com/contest.php?cid=3238
3236,Data Structure_2023_Big Data 2201-2202_Homework-2,已结束,https://www.buctcoder.com/contest.php?cid=3236
3228,【实验课】Data Structure_20230907_Big Data 2201-2202,2023-09-07 17:15:00,https://www.buctcoder.com/contest.php?cid=3228
3227,Data Structure_2023_Big Data 2201-2202_Homework-1,2023-09-13 22:00:00,https://www.buctcoder.com/contest.php?cid=3227
3223,2023年暑假集训个人排位赛3-补题,剩余,https://www.buctcoder.com/contest.php?cid=3223
3222,2023年暑假集训个人排位赛3-竞赛,2023-08-26 17:00:00,https://www.buctcoder.com/contest.php?cid=3222
3221,2023年暑假集训个人排位赛2-补题,剩余,https://www.buctcoder.com/contest.php?cid=3221
3220,2023年暑假集训个人排位赛2-竞赛,2023-08-24 17:00:00,https://www.buctcoder.com/contest.php?cid=3220
3219,2023年暑假集训个人排位赛-补题,剩余,https://www.buctcoder.com/contest.php?cid=3219
3217,2023年暑假集训个人排位赛竞赛,2023-08-22 17:00:00,https://www.buctcoder.com/contest.php?cid=3217
3216,2023牛客暑期多校训练营8,剩余,https://www.buctcoder.com/contest.php?cid=3216
3215,2023“钉耙编程”中国大学生算法设计超级联赛（8）,剩余,https://www.buctcoder.com/contest.php?cid=3215
3214,2023届新生暑假编程训练赛-5,2023-09-01 22:00:00,https://www.buctcoder.com/contest.php?cid=3214
3213,2023届新生暑假编程训练赛-4,2023-08-28 22:00:00,https://www.buctcoder.com/contest.php?cid=3213
3212,2023届新生暑假编程训练赛-3,2023-08-23 22:00:00,https://www.buctcoder.com/contest.php?cid=3212
3211,2023届新生暑假编程训练赛-2,2023-08-18 22:00:00,https://www.buctcoder.com/contest.php?cid=3211
3210,2023届新生暑假编程训练赛-1,2023-08-14 22:00:00,https://www.buctcoder.com/contest.php?cid=3210
3209,Challenge,剩余,https://www.buctcoder.com/contest.php?cid=3209
3208,2023牛客暑期多校训练营5,剩余,https://www.buctcoder.com/contest.php?cid=3208
3207,2023牛客暑期多校训练营6,剩余,https://www.buctcoder.com/contest.php?cid=3207
3206,2023“钉耙编程”中国大学生算法设计超级联赛（6）,剩余,https://www.buctcoder.com/contest.php?cid=3206
3205,2023“钉耙编程”中国大学生算法设计超级联赛（5）,剩余,https://www.buctcoder.com/contest.php?cid=3205
3204,2023牛客暑期多校训练营4,剩余,https://www.buctcoder.com/contest.php?cid=3204
3203,HDU 2023“钉耙编程”中国大学生算法设计超级联赛（4）,剩余,https://www.buctcoder.com/contest.php?cid=3203
3202,2023“钉耙编程”中国大学生算法设计超级联赛（3）,剩余,https://www.buctcoder.com/contest.php?cid=3202
3201,2023牛客暑期多校训练营3,剩余,https://www.buctcoder.com/contest.php?cid=3201
3200,2023牛客暑期多校训练营2,剩余,https://www.buctcoder.com/contest.php?cid=3200
3199,CISE-编程训练-9,2023-08-17 22:30:00,https://www.buctcoder.com/contest.php?cid=3199
3198,CISE-编程训练-8,2023-08-13 22:30:00,https://www.buctcoder.com/contest.php?cid=3198
3197,CISE-编程训练-7,2023-08-10 22:30:00,https://www.buctcoder.com/contest.php?cid=3197
3196,CISE-编程训练-6,2023-08-06 22:30:00,https://www.buctcoder.com/contest.php?cid=3196
3195,CISE-编程训练-5,2023-08-03 22:30:00,https://www.buctcoder.com/contest.php?cid=3195
3194,CISE-编程训练-4,2023-08-01 00:00:00,https://www.buctcoder.com/contest.php?cid=3194
3193,CISE-编程训练-3,2023-07-27 22:30:00,https://www.buctcoder.com/contest.php?cid=3193
3192,CISE-编程训练-2,2023-07-24 22:30:00,https://www.buctcoder.com/contest.php?cid=3192
3191,HDU 2023“钉耙编程”中国大学生算法设计超级联赛（2）,剩余,https://www.buctcoder.com/contest.php?cid=3191
3190,“范式杯”2023牛客暑期多校训练营1,剩余,https://www.buctcoder.com/contest.php?cid=3190
3189,HDU 2023“钉耙编程”中国大学生算法设计超级联赛（1）,剩余,https://www.buctcoder.com/contest.php?cid=3189
3188,CISE-编程训练-小试牛刀-1,2023-07-17 17:30:00,https://www.buctcoder.com/contest.php?cid=3188
3184,Test VSCode,2023-07-04 09:00:00,https://www.buctcoder.com/contest.php?cid=3184
3182,图书《算法训练营入门篇》配套训练题库（2）,剩余,https://www.buctcoder.com/contest.php?cid=3182
3181,图书《算法训练营入门篇》配套训练题库（1）,剩余,https://www.buctcoder.com/contest.php?cid=3181
3179,北京化工大学第十八届程序设计竞赛 - 女生赛 补题,2023-12-30 18:00:00,https://www.buctcoder.com/contest.php?cid=3179
3177,北京化工大学第十八届程序设计竞赛 - 女生赛,2023-06-04 14:00:00,https://www.buctcoder.com/contest.php?cid=3177
3176,北京化工大学第十八届程序设计竞 赛-补题,2024-06-03 22:00:00,https://www.buctcoder.com/contest.php?cid=3176
3174,北京化工大学第十八届程序设计竞赛,2023-06-03 17:30:00,https://www.buctcoder.com/contest.php?cid=3174
3171,2022-2023-2 ACM集训队每周程序设计竞 赛（13）补题,2024-05-26 14:00:00,https://www.buctcoder.com/contest.php?cid=3171
3170,2022-2023-2 ACM集训队每周程序设计竞赛（13）,2023-05-26 17:00:00,https://www.buctcoder.com/contest.php?cid=3170
3167,2023年ACM竞 赛班训练竞 赛（进阶数据结构）- 补题,2024-05-22 01:00:00,https://www.buctcoder.com/contest.php?cid=3167
3166,2023年ACM竞赛班训练竞赛（进阶数据结构）,2023-05-22 20:25:00,https://www.buctcoder.com/contest.php?cid=3166
3164,2022-2023-2 ACM集训队每周程序设计竞 赛（12）-补题,2024-05-19 20:00:00,https://www.buctcoder.com/contest.php?cid=3164
3163,2022-2023-2 ACM集训队每周程序设计竞赛（12）,2023-05-19 17:00:00,https://www.buctcoder.com/contest.php?cid=3163
3161,2022-2023-2程序设计Ⅰ-国机-上机12（补题）.20230518-20230523.shi,已结束,https://www.buctcoder.com/contest.php?cid=3161
3160,2022-2023-2程序设计Ⅰ-国机-上机12随堂测试.20230518.shi,已结束,https://www.buctcoder.com/contest.php?cid=3160
3159,2022-2023-2程序设计Ⅰ-国机-上机12.20230518.shi,已结束,https://www.buctcoder.com/contest.php?cid=3159
3156,2023年ACM竞赛班训练赛（数学专题）- 补题,已结束,https://www.buctcoder.com/contest.php?cid=3156
3155,2023年ACM竞 赛班训练竞 赛（分治二分与倍增）-补题,2023-06-15 19:00:00,https://www.buctcoder.com/contest.php?cid=3155
3154,2023年CCPC邀请赛选拔赛（三）-补题,2023-06-15 19:00:00,https://www.buctcoder.com/contest.php?cid=3154
3153,T Te Tes Test,2023-05-29 21:00:00,https://www.buctcoder.com/contest.php?cid=3153
3152,2023年ACM竞赛班训练竞赛（分治二分与倍增）,2023-05-14 21:00:00,https://www.buctcoder.com/contest.php?cid=3152
3151,2023年CCPC邀请赛选拔竞赛（三）,2023-05-14 14:00:00,https://www.buctcoder.com/contest.php?cid=3151
3150,2023年ACM竞赛班训练竞赛（数学专题）,2023-05-15 20:30:00,https://www.buctcoder.com/contest.php?cid=3150
3149,2022-2023-2 ACM集训队每周程序设计竞 赛（11）-补题,2024-05-12 17:00:00,https://www.buctcoder.com/contest.php?cid=3149
3148,2022-2023-2 ACM集训队每周程序设计竞赛（11）,2023-05-12 17:00:00,https://www.buctcoder.com/contest.php?cid=3148
3146,2022-2023-2程序设计Ⅰ-国机-上机11（补题）.20230511-20230516.shi,已结束,https://www.buctcoder.com/contest.php?cid=3146
3145,2022-2023-2程序设计Ⅰ-国机-上机11随堂测试.20230511.shi,已结束,https://www.buctcoder.com/contest.php?cid=3145
3144,2022-2023-2程序设计Ⅰ-国机-上机11.20230511.shi,已结束,https://www.buctcoder.com/contest.php?cid=3144
3140,2023年ACM竞 赛班训练赛补题（图论专题）,2024-05-08 20:00:00,https://www.buctcoder.com/contest.php?cid=3140
3139,2023年ACM竞赛班训练竞赛（图论专题）,2023-05-08 20:25:00,https://www.buctcoder.com/contest.php?cid=3139
3138,2022-2023-2 ACM集训队每月程序设计竞 赛（1）补题,2024-05-05 21:00:00,https://www.buctcoder.com/contest.php?cid=3138
3137,2022-2023-2 ACM集训队每月程序设计竞赛（1）,2023-05-05 17:00:00,https://www.buctcoder.com/contest.php?cid=3137
3136,2022-2023-2程序设计Ⅰ-国机-期中（补题）.20230504-20230509.shi,已结束,https://www.buctcoder.com/contest.php?cid=3136
3134,2022-2023-2程序设计Ⅰ-国机-上机10（补题）.20230504-20230509.shi,已结束,https://www.buctcoder.com/contest.php?cid=3134
3133,2022-2023-2程序设计Ⅰ-国机-上机10随堂测试.20230504.shi,已结束,https://www.buctcoder.com/contest.php?cid=3133
3132,2022-2023-2程序设计Ⅰ-国机-上机10.20230504.shi,已结束,https://www.buctcoder.com/contest.php?cid=3132
3131,蓝桥杯国赛五一训练赛 (3) 补题,2023-07-04 15:00:00,https://www.buctcoder.com/contest.php?cid=3131
3130,蓝桥杯国赛五一训练赛 (2) 补题,2023-07-04 15:00:00,https://www.buctcoder.com/contest.php?cid=3130
3129,蓝桥杯国赛五一训练赛 (1) 补题,2023-07-04 15:00:00,https://www.buctcoder.com/contest.php?cid=3129
3125,2022-2023-2 ACM集训队每周程序设计竞 赛（10）-补题,2024-04-27 15:00:00,https://www.buctcoder.com/contest.php?cid=3125
3124,2022-2023-2 ACM集训队每周程序设计竞赛（10）,2023-04-28 17:00:00,https://www.buctcoder.com/contest.php?cid=3124
3121,test,2023-05-06 18:00:00,https://www.buctcoder.com/contest.php?cid=3121
3120,蓝桥杯国赛五一训练赛 (3),2023-05-03 23:00:00,https://www.buctcoder.com/contest.php?cid=3120
3119,蓝桥杯国赛五一训练赛 (2),2023-05-03 23:00:00,https://www.buctcoder.com/contest.php?cid=3119
3118,蓝桥杯国赛五一训练赛 (1),2023-05-03 23:00:00,https://www.buctcoder.com/contest.php?cid=3118
3115,2023年ACM课程第一次上机test(06-13班)-补题,2023-07-22 20:00:00,https://www.buctcoder.com/contest.php?cid=3115
3109,2023年CCPC邀请赛选拔赛（二）- 补题,2024-04-21 21:00:00,https://www.buctcoder.com/contest.php?cid=3109
3108,测试,2023-04-24 19:00:00,https://www.buctcoder.com/contest.php?cid=3108
3101,2023年CCPC邀请赛选拔竞赛（二）,2023-04-21 18:00:00,https://www.buctcoder.com/contest.php?cid=3101
3100,2023年ACM竞 赛班训练竞 赛（动态规划专题）补题,剩余,https://www.buctcoder.com/contest.php?cid=3100
3099,2023年ACM竞赛班训练竞赛（动态规划专题）,2023-04-24 20:25:00,https://www.buctcoder.com/contest.php?cid=3099
3098,2022-2023-2 ACM集训队每周程序设计竞 赛（9）补题,2024-04-20 17:00:00,https://www.buctcoder.com/contest.php?cid=3098
3097,2022-2023-2 ACM集训队每周程序设计竞赛（9）,2023-04-21 17:00:00,https://www.buctcoder.com/contest.php?cid=3097
3095,2022-2023-2程序设计Ⅰ-国机-上机9（补题）.20230420-20230425.shi,已结束,https://www.buctcoder.com/contest.php?cid=3095
3094,2022-2023-2程序设计Ⅰ-国机-上机9随堂测试.20230420.shi,已结束,https://www.buctcoder.com/contest.php?cid=3094
3093,2022-2023-2程序设计Ⅰ-国机-上机9.20230420.shi,已结束,https://www.buctcoder.com/contest.php?cid=3093
3089,2023年ACM竞 赛班训练（模拟专题）- 补题,2024-04-17 00:00:00,https://www.buctcoder.com/contest.php?cid=3089
3080,2022-2023-2 ACM集训队每周程序设计竞 赛（8）补题,2024-04-13 17:00:00,https://www.buctcoder.com/contest.php?cid=3080
3079,2022-2023-2 ACM集训队每周程序设计竞赛（8）,2023-04-14 17:00:00,https://www.buctcoder.com/contest.php?cid=3079
3077,2022-2023-2程序设计Ⅰ-国机-上机8（补题）.20230413-20230418.shi,已结束,https://www.buctcoder.com/contest.php?cid=3077
3076,2022-2023-2程序设计Ⅰ-国机-上机8随堂测试.20230413.shi,已结束,https://www.buctcoder.com/contest.php?cid=3076
3075,2022-2023-2程序设计Ⅰ-国机-上机8.20230413.shi,已结束,https://www.buctcoder.com/contest.php?cid=3075
3072,2023年ACM竞赛班训练竞赛（模拟专题）,2023-04-17 20:25:00,https://www.buctcoder.com/contest.php?cid=3072
3067,2023上半年ACM每周训练题-8(补题）,2024-04-07 02:00:00,https://www.buctcoder.com/contest.php?cid=3067
3066,2023上半年ACM每周训练题-8,2023-04-14 12:00:00,https://www.buctcoder.com/contest.php?cid=3066
3065,2022-2023-2 ACM集训队每周程序设计竞 赛（7）补题,2024-04-07 20:00:00,https://www.buctcoder.com/contest.php?cid=3065
3064,2022-2023-2 ACM集训队每周程序设计竞赛（7）,2023-04-07 17:00:00,https://www.buctcoder.com/contest.php?cid=3064
3063,Virtual participate,2023-12-03 12:30:00,https://www.buctcoder.com/contest.php?cid=3063
3062,2023年ACM竞.赛班训练（搜索）- 补题,2024-02-06 23:00:00,https://www.buctcoder.com/contest.php?cid=3062
3061,2023年ACM竞赛班训练竞赛（搜索）,2023-04-10 20:25:00,https://www.buctcoder.com/contest.php?cid=3061
3059,2022-2023-2程序设计Ⅰ-国机-上机7（补题）.20230406-20230411.shi,已结束,https://www.buctcoder.com/contest.php?cid=3059
3058,2022-2023-2程序设计Ⅰ-国机-上机7随堂测试.20230406.shi,已结束,https://www.buctcoder.com/contest.php?cid=3058
3057,2022-2023-2程序设计Ⅰ-国机-上机7.20230406.shi,已结束,https://www.buctcoder.com/contest.php?cid=3057
3054,2023年ACM竞.赛班训练补题（基础数据结构）,2024-04-03 23:00:00,https://www.buctcoder.com/contest.php?cid=3054
3052,2023年ACM竞赛班训练竞赛（基础数据结构）,2023-04-03 20:25:00,https://www.buctcoder.com/contest.php?cid=3052
3051,2023上半年ACM&蓝桥杯每周训练题-7(补题）,2024-07-02 01:00:00,https://www.buctcoder.com/contest.php?cid=3051
3050,2023上半年ACM&蓝桥杯每周训练题-7,2023-04-07 12:00:00,https://www.buctcoder.com/contest.php?cid=3050
3049,2023年CCPC邀请赛选拔赛（一）-补题,2023-05-02 18:00:00,https://www.buctcoder.com/contest.php?cid=3049
3048,2023年CCPC邀请赛选拔竞赛（一）,2023-04-02 14:00:00,https://www.buctcoder.com/contest.php?cid=3048
3044,2022-2023-2 ACM集训队每周程序设计竞 赛（6）补题,2024-03-31 18:00:00,https://www.buctcoder.com/contest.php?cid=3044
3043,2022-2023-2 ACM集训队每周程序设计竞赛（6）,2023-03-31 17:00:00,https://www.buctcoder.com/contest.php?cid=3043
3041,2022-2023-2程序设计Ⅰ-国机-上机6（补题）.20230330-20230404.shi,已结束,https://www.buctcoder.com/contest.php?cid=3041
3040,2022-2023-2程序设计Ⅰ-国机-上机6随堂测试.20230330.shi,已结束,https://www.buctcoder.com/contest.php?cid=3040
3039,2022-2023-2程序设计Ⅰ-国机-上机6.20230330.shi,已结束,https://www.buctcoder.com/contest.php?cid=3039
3037,2023年ACM竞-赛班训练赛（贪心）-补题,2023-04-27 02:00:00,https://www.buctcoder.com/contest.php?cid=3037
3036,2023年ACM竞赛班训练竞赛（贪心）,2023-03-27 20:25:00,https://www.buctcoder.com/contest.php?cid=3036
3028,2022-2023-2程序设计Ⅰ-国机-上机5（补题）.20230323-20230328.shi,已结束,https://www.buctcoder.com/contest.php?cid=3028
3027,2022-2023-2程序设计Ⅰ-国机-上机5随堂测试.20230323.shi,已结束,https://www.buctcoder.com/contest.php?cid=3027
3026,2022-2023-2程序设计Ⅰ-国机-上机5.20230323.shi,已结束,https://www.buctcoder.com/contest.php?cid=3026
3025,2023上半年ACM&蓝桥杯每周训练题-6-补题,2024-03-27 12:00:00,https://www.buctcoder.com/contest.php?cid=3025
3024,2023上半年ACM&蓝桥杯每周训练题-6,2023-03-31 12:00:00,https://www.buctcoder.com/contest.php?cid=3024
3023,Contest-Test,2023-03-25 18:00:00,https://www.buctcoder.com/contest.php?cid=3023
3022,2022-2023-2 ACM集训队每周程序设计竞 赛（5）补题,2024-03-24 17:00:00,https://www.buctcoder.com/contest.php?cid=3022
3021,2022-2023-2 ACM集训队每周程序设计竞赛（5）,2023-03-24 17:00:00,https://www.buctcoder.com/contest.php?cid=3021
3020,2023年ACM竞赛班训练补题（二(2.0)）2023.3.20（思维题）,2024-03-19 20:00:00,https://www.buctcoder.com/contest.php?cid=3020
3019,2023年ACM竞赛班训练竞赛（二(2.0)）2023.3.20,2023-03-20 20:25:00,https://www.buctcoder.com/contest.php?cid=3019
3016,2023上半年ACM&蓝桥杯每周训练题-5-补题,2024-03-24 12:00:00,https://www.buctcoder.com/contest.php?cid=3016
3015,2023上半年ACM&蓝桥杯每周训练题-5,2023-03-24 12:00:00,https://www.buctcoder.com/contest.php?cid=3015
3014,2022-2023-2 ACM集训队每周程序设计竞 赛（4）-补题,2024-03-17 21:00:00,https://www.buctcoder.com/contest.php?cid=3014
3012,2022-2023-2程序设计Ⅰ-国机-上机4（补题）.20230316-20230321.shi,已结束,https://www.buctcoder.com/contest.php?cid=3012
3011,2022-2023-2程序设计Ⅰ-国机-上机4随堂测试.20230316.shi,已结束,https://www.buctcoder.com/contest.php?cid=3011
3010,2022-2023-2程序设计Ⅰ-国机-上机4.20230316.shi,已结束,https://www.buctcoder.com/contest.php?cid=3010
3009,2022-2023-2 ACM集训队每周程序设计竞赛（4）,2023-03-17 17:00:00,https://www.buctcoder.com/contest.php?cid=3009
3001,2023年ACM竞 赛班训练赛补题（二）2023.3.13,2024-03-13 01:00:00,https://www.buctcoder.com/contest.php?cid=3001
3000,2023上半年ACM&蓝桥杯每周训练题-4-补题,2023-04-17 12:00:00,https://www.buctcoder.com/contest.php?cid=3000
2999,2023上半年ACM&蓝桥杯每周训练题-4,2023-03-17 12:00:00,https://www.buctcoder.com/contest.php?cid=2999
2997,2022-2023-2 ACM集训队每周程序设计竞.赛（3）补题,2024-03-10 21:00:00,https://www.buctcoder.com/contest.php?cid=2997
2996,2023年ACM竞赛班训练竞赛（二）2023.3.13,2023-03-13 20:25:00,https://www.buctcoder.com/contest.php?cid=2996
2994,2022-2023-2程序设计Ⅰ-国机-上机3（补题）.20230309-20230314.shi,已结束,https://www.buctcoder.com/contest.php?cid=2994
2993,2022-2023-2程序设计Ⅰ-国机-上机3随堂测试.20230309.shi,已结束,https://www.buctcoder.com/contest.php?cid=2993
2992,2022-2023-2程序设计Ⅰ-国机-上机3.20230309.shi,已结束,https://www.buctcoder.com/contest.php?cid=2992
2991,2022-2023-2 ACM集训队每周程序设计竞赛（3）,2023-03-10 17:00:00,https://www.buctcoder.com/contest.php?cid=2991
2990,2023年ACM 竞 赛 班训练补题（一：STL专题）2023.3.6 ,2023-09-06 00:00:00,https://www.buctcoder.com/contest.php?cid=2990
2988,2022-2023-2 ACM集训队每周程序设计竞.赛（2）补题,2024-03-03 23:00:00,https://www.buctcoder.com/contest.php?cid=2988
2987,2022-2023-2 ACM集训队每周程序设计竞赛（2）,2023-03-03 17:00:00,https://www.buctcoder.com/contest.php?cid=2987
2984,2022-2023-2程序设计Ⅰ-国机-上机2（补题）.20230302-20230307.shi,已结束,https://www.buctcoder.com/contest.php?cid=2984
2983,2022-2023-2程序设计Ⅰ-国机-上机2随堂测试.20230302.shi,已结束,https://www.buctcoder.com/contest.php?cid=2983
2982,2022-2023-2程序设计Ⅰ-国机-上机2.20230302.shi,已结束,https://www.buctcoder.com/contest.php?cid=2982
2981,2023上半年ACM&蓝桥杯每周训练题-3-补题,2024-02-25 19:00:00,https://www.buctcoder.com/contest.php?cid=2981
2980,2023上半年ACM&蓝桥杯每周训练题-3,2023-03-10 12:00:00,https://www.buctcoder.com/contest.php?cid=2980
2971,2023上半年ACM&蓝桥杯每周训练题-2(补题）,2024-02-25 19:00:00,https://www.buctcoder.com/contest.php?cid=2971
2970,2023上半年ACM&蓝桥杯每周训练题-2,2023-03-03 12:00:00,https://www.buctcoder.com/contest.php?cid=2970
2969,2023年ACM竞赛班训练竞赛（一）2023.3.6,2023-03-06 20:25:00,https://www.buctcoder.com/contest.php?cid=2969
2968,2022-2023-2程序设计Ⅰ-国机-上机1（补题）.20230223.shi,已结束,https://www.buctcoder.com/contest.php?cid=2968
2967,2022-2023-2 ACM集训队每周程序设计竞赛（1）补题,已结束,https://www.buctcoder.com/contest.php?cid=2967
2966,2022-2023-2 ACM集训队每周程序设计竞赛（1）,2023-02-24 17:00:00,https://www.buctcoder.com/contest.php?cid=2966
2964,2022-2023-2程序设计Ⅰ-国机-上机1.20230223.shi,已结束,https://www.buctcoder.com/contest.php?cid=2964
2963,2023上半年ACM&蓝桥杯每周训练题-1,2023-02-24 12:00:00,https://www.buctcoder.com/contest.php?cid=2963
2912,new_test,2023-01-17 21:00:00,https://www.buctcoder.com/contest.php?cid=2912
2886,Data Structure_Big Data 2101-2102_Homework-15,2022-12-28 17:00:00,https://www.buctcoder.com/contest.php?cid=2886
2885,TEST,2022-12-22 12:20:00,https://www.buctcoder.com/contest.php?cid=2885
2884,Data Structure_Big Data 2101-2102_Homework-补题【10-14】,2023-01-05 23:59:00,https://www.buctcoder.com/contest.php?cid=2884
2879,Data Structure_Big Data 2101-2102_Homework-14,2022-12-21 19:00:00,https://www.buctcoder.com/contest.php?cid=2879
2877,2022-2023-1程序设计Ⅱ-国机2001-02-上机6补题.20221215.shi,已结束,https://www.buctcoder.com/contest.php?cid=2877
2875,2022-2023-1程序设计Ⅱ-国机2001-02-上机6.20221215.shi,已结束,https://www.buctcoder.com/contest.php?cid=2875
2871,Data Structure_Big Data 2101-2102_Homework-13,2022-12-14 12:59:00,https://www.buctcoder.com/contest.php?cid=2871
2868,2022-2023-1程序设计Ⅱ-国机2001-02-上机5补题.20221208.shi,已结束,https://www.buctcoder.com/contest.php?cid=2868
2866,2022-2023-1程序设计Ⅱ-国机2001-02-上机5.20221208.shi,已结束,https://www.buctcoder.com/contest.php?cid=2866
2865,TEST,2022-12-08 12:20:00,https://www.buctcoder.com/contest.php?cid=2865
2861,北京化工大学第十七届程序设计新生赛正式赛【补题】,2023-12-03 16:00:00,https://www.buctcoder.com/contest.php?cid=2861
2860,北京化工大学第十七届程序设计新生赛正式赛【竞赛模式】,2022-12-03 12:00:00,https://www.buctcoder.com/contest.php?cid=2860
2859,2022-2023-1 ACM集训队每周程序设计竞.赛（13）补题,2023-12-02 21:00:00,https://www.buctcoder.com/contest.php?cid=2859
2858,北京化工大学第十七届程序设计新生赛热身赛【竞赛模式】,2022-12-02 20:30:00,https://www.buctcoder.com/contest.php?cid=2858
2856,【在线编程平台】课堂练习,2022-12-01 18:00:00,https://www.buctcoder.com/contest.php?cid=2856
2855,Data Structure_Big Data 2101-2102_Homework-12,2022-12-07 17:00:00,https://www.buctcoder.com/contest.php?cid=2855
2853,2022-2023-1程序设计Ⅱ-国机2001-02-上机4补题.20221201.shi,已结束,https://www.buctcoder.com/contest.php?cid=2853
2851,2022-2023-1程序设计Ⅱ-国机2001-02-上机4.20221201.shi,已结束,https://www.buctcoder.com/contest.php?cid=2851
2849,【在线编程平台】课堂练习,2022-12-01 15:00:00,https://www.buctcoder.com/contest.php?cid=2849
2848,【在线编程平台】TEST,2022-12-01 12:20:00,https://www.buctcoder.com/contest.php?cid=2848
2847,2022-2023-1 ACM集训队每周程序设计竞赛（13）,2022-12-02 17:00:00,https://www.buctcoder.com/contest.php?cid=2847
2846,北京化工大学2019年程序设计新生赛真题,2022-12-03 22:00:00,https://www.buctcoder.com/contest.php?cid=2846
2845,北京化工大学2020年程序设计新生赛真题,2022-12-03 22:00:00,https://www.buctcoder.com/contest.php?cid=2845
2844,北京化工大学2021年程序设计新生赛真题,剩余,https://www.buctcoder.com/contest.php?cid=2844
2843,北京化工大学第二次蓝桥天梯选拔赛补题,2022-12-27 18:00:00,https://www.buctcoder.com/contest.php?cid=2843
2842,北京化工大学第二次蓝桥天梯选拔竞赛,2022-11-27 13:00:00,https://www.buctcoder.com/contest.php?cid=2842
2841,2022-2023-1 ACM集训队每周程序设计竞 赛补题（12）,2023-11-25 21:00:00,https://www.buctcoder.com/contest.php?cid=2841
2839,软件技术基础2022-第十次课堂Test,2022-12-01 22:00:00,https://www.buctcoder.com/contest.php?cid=2839
2838,CCPC-wFinal 2023赛前真题训练,2022-11-25 19:00:00,https://www.buctcoder.com/contest.php?cid=2838
2836,2022-2023-1 ACM集训队每周程序设计竞赛（12）,2022-11-25 17:00:00,https://www.buctcoder.com/contest.php?cid=2836
2835,Data Structure_Big Data 2101-2102_Homework-补题【5-9】,2023-01-05 23:59:00,https://www.buctcoder.com/contest.php?cid=2835
2834,Data Structure_Big Data 2101-2102_Homework-11,2022-11-30 21:00:00,https://www.buctcoder.com/contest.php?cid=2834
2831,2022-2023-1程序设计Ⅱ-国机2001-02-上机3补题.20221124.shi,已结束,https://www.buctcoder.com/contest.php?cid=2831
2829,2022-2023-1程序设计Ⅱ-国机2001-02-上机3.20221124.shi,已结束,https://www.buctcoder.com/contest.php?cid=2829
2828,【在线编程平台】TEST,2022-11-24 12:20:00,https://www.buctcoder.com/contest.php?cid=2828
2826,2022年“蓝桥杯”全国软件大赛研究生组选拔训练赛四,2022-11-27 22:00:00,https://www.buctcoder.com/contest.php?cid=2826
2825,2022-2023-1 ACM集训队每周程序设计竞.赛补题（11）,2023-11-18 15:00:00,https://www.buctcoder.com/contest.php?cid=2825
2824,软件技术基础2022-第九次课堂Test,2022-11-24 22:00:00,https://www.buctcoder.com/contest.php?cid=2824
2821,Data Structure_Big Data 2101-2102_Homework-10,2022-11-23 17:00:00,https://www.buctcoder.com/contest.php?cid=2821
2820,2022-2023-1 ACM集训队每周程序设计竞赛（11）,2022-11-18 17:00:00,https://www.buctcoder.com/contest.php?cid=2820
2819,【在线编程平台】2022年数据结构与算法实验上机1117,2022-11-17 20:10:00,https://www.buctcoder.com/contest.php?cid=2819
2817,2022-2023-1程序设计Ⅱ-国机2001-02-上机2补题.20221117.shi,已结束,https://www.buctcoder.com/contest.php?cid=2817
2815,2022-2023-1程序设计Ⅱ-国机2001-02-上机2.20221117.shi,已结束,https://www.buctcoder.com/contest.php?cid=2815
2811,2022年“蓝桥杯”全国软件大赛研究生组选拔训练赛三,2022-12-20 22:00:00,https://www.buctcoder.com/contest.php?cid=2811
2810,2022-2023-1 ACM集训队每周程序设计补题（10）,2023-11-11 20:00:00,https://www.buctcoder.com/contest.php?cid=2810
2809,软件技术基础2022-第八次课堂Test,2022-11-17 22:00:00,https://www.buctcoder.com/contest.php?cid=2809
2807,Data Structure_Big Data 2101-2102_Homework-9,2022-11-16 19:00:00,https://www.buctcoder.com/contest.php?cid=2807
2806,2022-2023-1 ACM集训队每周程序设计竞赛（10）（ikun剧场版）,2022-11-11 17:00:00,https://www.buctcoder.com/contest.php?cid=2806
2804,2022-2023-1程序设计Ⅱ-国机2001-02-上机1补题.20221110.shi,已结束,https://www.buctcoder.com/contest.php?cid=2804
2803,2022-2023-1程序设计Ⅱ-国机2001-02-上机1.20221110.shi,已结束,https://www.buctcoder.com/contest.php?cid=2803
2799,2022年“蓝桥杯”全国软件大赛研究生组选拔训练赛二,2022-12-31 12:00:00,https://www.buctcoder.com/contest.php?cid=2799
2798,yan-----ti,2022-12-04 00:00:00,https://www.buctcoder.com/contest.php?cid=2798
2797,2022-2023-1 ACM集训队每周程序设计补题（9）,2023-11-04 00:00:00,https://www.buctcoder.com/contest.php?cid=2797
2796,软件技术基础2022-第七次课堂Test,2022-11-10 22:00:00,https://www.buctcoder.com/contest.php?cid=2796
2794,Data Structure_Big Data 2101-2102_Homework-8,2022-11-09 18:00:00,https://www.buctcoder.com/contest.php?cid=2794
2793,2022-2023-1 ACM集训队每周程序设计竞赛（9）,2022-11-04 17:00:00,https://www.buctcoder.com/contest.php?cid=2793
2788,2022年“蓝桥杯”全国软件大赛研究生组选拔训练赛一,2022-12-31 23:00:00,https://www.buctcoder.com/contest.php?cid=2788
2780,2022-2023-1 ACM集训队每周程序设计竞.赛补题（8）,2023-10-28 20:00:00,https://www.buctcoder.com/contest.php?cid=2780
2779,2022-2023-1 ACM集训队每周程序设计竞赛（8）,2022-10-28 17:00:00,https://www.buctcoder.com/contest.php?cid=2779
2777,Data Structure_Big Data 2101-2102_Homework-7,2022-11-02 19:00:00,https://www.buctcoder.com/contest.php?cid=2777
2774,2022CCPC女生赛选拔赛补题,2023-11-23 01:00:00,https://www.buctcoder.com/contest.php?cid=2774
2773,2022-2023-1 ACM集训队每周程序设计竞.赛补题（7）,2023-10-21 20:00:00,https://www.buctcoder.com/contest.php?cid=2773
2772,2022CCPC女生赛选拔赛竞赛,2022-10-23 21:00:00,https://www.buctcoder.com/contest.php?cid=2772
2771,软件技术基础2022-第五次课堂Test-MF,2022-10-28 08:00:00,https://www.buctcoder.com/contest.php?cid=2771
2770,2022-2023-1 ACM集训队每周程序设计竞赛（7）,2022-10-21 17:00:00,https://www.buctcoder.com/contest.php?cid=2770
2768,Data Structure_Big Data 2101-2102_Homework-6,2022-10-26 17:00:00,https://www.buctcoder.com/contest.php?cid=2768
2765,2022-2023-1程序设计-宏德书院-上机1-6补题.20221020.shi,已结束,https://www.buctcoder.com/contest.php?cid=2765
2764,2022-2023-1程序设计-宏德书院-上机6.20221020.shi,2022-10-20 17:15:00,https://www.buctcoder.com/contest.php?cid=2764
2762,Data Structure_Big Data 2101-2102_Homework-补题【1-4】,2023-01-05 23:59:00,https://www.buctcoder.com/contest.php?cid=2762
2760,2022-2023-1 ACM集训队每周程序设计竞.赛（6）补题,2023-10-14 20:00:00,https://www.buctcoder.com/contest.php?cid=2760
2759,软件技术基础2022-第四次课堂Test-MF,2022-10-21 14:00:00,https://www.buctcoder.com/contest.php?cid=2759
2758,Data Structure_Big Data 2101-2102_Homework-5,2022-10-19 19:00:00,https://www.buctcoder.com/contest.php?cid=2758
2756,2022-2023-1程序设计-宏德书院-上机5补题.20221013.shi,2022-10-18 22:00:00,https://www.buctcoder.com/contest.php?cid=2756
2755,2022-2023-1程序设计-宏德书院-上机5.20221013.shi,2022-10-13 17:15:00,https://www.buctcoder.com/contest.php?cid=2755
2753,2022-2023-1 ACM集训队每周程序设计竞赛（6）,2022-10-14 17:00:00,https://www.buctcoder.com/contest.php?cid=2753
2751,[北京化工大学-C/C++语法计划]-循环、数组练习,2022-11-07 01:00:00,https://www.buctcoder.com/contest.php?cid=2751
2750,2022-2023-1 ACM集训队每周程序设计赛补题（5）,2022-12-07 15:00:00,https://www.buctcoder.com/contest.php?cid=2750
2749,软件技术基础2022-第三次课堂Test-MF,2022-10-13 14:00:00,https://www.buctcoder.com/contest.php?cid=2749
2747,2022-2023-1 ACM集训队每周程序设计竞赛（5）,2022-10-07 17:00:00,https://www.buctcoder.com/contest.php?cid=2747
2746,Data Structure_Big Data 2101-2102_Homework-4,2022-10-12 18:00:00,https://www.buctcoder.com/contest.php?cid=2746
2743,2022-2023-1程序设计-宏德书院-上机4补题.20221006.shi,2022-10-11 22:00:00,https://www.buctcoder.com/contest.php?cid=2743
2742,2022-2023-1程序设计-宏德书院-上机4.20221006.shi,2022-10-06 17:15:00,https://www.buctcoder.com/contest.php?cid=2742
2740,2022CCPC女生赛训练赛（四）,2022-12-03 14:00:00,https://www.buctcoder.com/contest.php?cid=2740
2739,2022CCPC女生赛训练赛（三）,2022-12-03 14:00:00,https://www.buctcoder.com/contest.php?cid=2739
2738,2022CCPC女生赛训练赛（二）,2022-12-03 14:00:00,https://www.buctcoder.com/contest.php?cid=2738
2737,2022CCPC女生赛训练赛（一）,2022-12-03 10:00:00,https://www.buctcoder.com/contest.php?cid=2737
2736,2022届新生大礼包,2023-10-01 16:00:00,https://www.buctcoder.com/contest.php?cid=2736
2735,2022-2023-1 河北省程序设计竞.赛选拔赛(补题),2022-12-31 00:00:00,https://www.buctcoder.com/contest.php?cid=2735
2734,Data Structure_Big Data 2101-2102_Homework-3,2022-10-05 18:00:00,https://www.buctcoder.com/contest.php?cid=2734
2731,2022-2023-1程序设计-宏德书院-上机3补题.20220929.shi,2022-10-04 22:00:00,https://www.buctcoder.com/contest.php?cid=2731
2730,2022-2023-1程序设计-宏德书院-上机3.20220929.shi,2022-09-29 17:15:00,https://www.buctcoder.com/contest.php?cid=2730
2729,2022-2023-1 河北省程序设计竞赛选拔赛,2022-09-30 18:00:00,https://www.buctcoder.com/contest.php?cid=2729
2728,2022-2023-1 ACM集训队每周程序设计周赛（3）补题,2023-09-23 21:00:00,https://www.buctcoder.com/contest.php?cid=2728
2727,软件技术基础2022-MF,2022-09-30 11:00:00,https://www.buctcoder.com/contest.php?cid=2727
2726,2022-2023-1 ACM集训队每周程序设计竞赛（3）,2022-09-23 17:00:00,https://www.buctcoder.com/contest.php?cid=2726
2724,Data Structure_Big Data 2101-2102_Homework-2,2022-09-28 18:00:00,https://www.buctcoder.com/contest.php?cid=2724
2722,2022-2023-1程序设计-宏德书院-上机2.20220922.shi,2022-09-22 17:15:00,https://www.buctcoder.com/contest.php?cid=2722
2719,2022-2023-1 ACM集训队每周程序设计周赛（2）补题,2023-09-16 17:00:00,https://www.buctcoder.com/contest.php?cid=2719
2718,Data Structure_Big Data 2101-2102_Homework-1 ,2022-09-21 17:00:00,https://www.buctcoder.com/contest.php?cid=2718
2717,2022-2023-1程序设计-宏德书院-上机1.20220915.shi,2022-09-21 22:00:00,https://www.buctcoder.com/contest.php?cid=2717
2716,2022-2023-1 ACM集训队每周程序设计竞赛（2）,2022-09-16 17:00:00,https://www.buctcoder.com/contest.php?cid=2716
2714,2022-2023-1 ACM集训队每周程序设计周赛 (1) 补题,2023-09-09 21:00:00,https://www.buctcoder.com/contest.php?cid=2714
2713,2022-2023-1 ACM集训队每周程序设计竞赛（1）,2022-09-09 17:00:00,https://www.buctcoder.com/contest.php?cid=2713
2712,程序设计竞-赛入门图书配套题库,剩余,https://www.buctcoder.com/contest.php?cid=2712
2711,2021年ACM暑假集训排位赛题目库（ICPC铜奖难度）,剩余,https://www.buctcoder.com/contest.php?cid=2711
2710,202109-202203程序设计周赛题库,剩余,https://www.buctcoder.com/contest.php?cid=2710
2709,北京化工大学第十七届程序设计比赛女生赛补题,2023-08-28 17:00:00,https://www.buctcoder.com/contest.php?cid=2709
2708,北京化工大学第十七届程序设计竞赛女生赛 （请用队长账号登陆并修改昵称为队伍名-机房号-座位号）,2022-08-28 12:00:00,https://www.buctcoder.com/contest.php?cid=2708
2707,北京化工大学第十七届程序设计校赛补题,剩余,https://www.buctcoder.com/contest.php?cid=2707
2706,北京化工大学第十七届程序设计竞赛校赛 （请修改昵称为队伍名-机房号-座位号）,2022-08-27 20:30:00,https://www.buctcoder.com/contest.php?cid=2706
2705,程序设计实训计信03/04班,2022-08-28 18:00:00,https://www.buctcoder.com/contest.php?cid=2705
2704,程序设计实训计信01/02班,2022-08-28 18:00:00,https://www.buctcoder.com/contest.php?cid=2704
2703,程序设计实训-测试,2022-08-25 22:00:00,https://www.buctcoder.com/contest.php?cid=2703
2702,女生赛验题,2022-08-30 20:00:00,https://www.buctcoder.com/contest.php?cid=2702
2701,yanti,2022-08-30 00:00:00,https://www.buctcoder.com/contest.php?cid=2701
2699,2022“杭电杯”中国大学生算法设计超级联赛（5）（补题）	,2023-08-11 03:00:00,https://www.buctcoder.com/contest.php?cid=2699
2698,2022“杭电杯”中国大学生算法设计超级联赛（7）（补题）,2023-09-11 05:00:00,https://www.buctcoder.com/contest.php?cid=2698
2697,2022“杭电杯”中国大学生算法设计超级联赛（4）（补题）,2023-11-10 02:00:00,https://www.buctcoder.com/contest.php?cid=2697
2696,2022“杭电杯”中国大学生算法设计超级联赛（6）（补题）,2023-08-05 04:00:00,https://www.buctcoder.com/contest.php?cid=2696
2694,2022年ACM暑假集训个人排位赛(6）补题,2023-08-05 15:00:00,https://www.buctcoder.com/contest.php?cid=2694
2693,2022年ACM暑假集训个人排位赛竞赛(6）,2022-08-05 14:00:00,https://www.buctcoder.com/contest.php?cid=2693
2692,2022年ACM暑假集训训练赛24-补题,2022-11-04 15:00:00,https://www.buctcoder.com/contest.php?cid=2692
2691,2022年ACM暑假集训训练赛24,2022-08-04 22:00:00,https://www.buctcoder.com/contest.php?cid=2691
2688,2022年ACM暑假集训训练赛23补题,2023-08-03 02:00:00,https://www.buctcoder.com/contest.php?cid=2688
2687,2022年ACM暑假集训训练赛23,2022-08-03 22:00:00,https://www.buctcoder.com/contest.php?cid=2687
2686,2022年ACM暑假集训训练赛22补题,2022-08-26 01:00:00,https://www.buctcoder.com/contest.php?cid=2686
2685,2022年ACM暑假集训训练赛22,2022-08-02 22:00:00,https://www.buctcoder.com/contest.php?cid=2685
2684,2022年ACM暑假集训训练赛21-补题,2022-11-30 15:00:00,https://www.buctcoder.com/contest.php?cid=2684
2683,2022年ACM暑假集训训练赛21,2022-08-01 22:00:00,https://www.buctcoder.com/contest.php?cid=2683
2682,2022“杭电杯”中国大学生算法设计超级联赛（3）(补题),2022-09-27 19:00:00,https://www.buctcoder.com/contest.php?cid=2682
2681,2022年ACM暑假集训个人排位赛(5）补题,2023-11-29 14:00:00,https://www.buctcoder.com/contest.php?cid=2681
2680,2022年ACM暑假集训个人排位赛竞赛(5）,2022-07-29 14:00:00,https://www.buctcoder.com/contest.php?cid=2680
2679,2022年ACM暑假集训训练赛20-补题,2022-09-27 20:00:00,https://www.buctcoder.com/contest.php?cid=2679
2678,2022年ACM暑假集训训练赛20,2022-07-28 22:00:00,https://www.buctcoder.com/contest.php?cid=2678
2677,2022年ACM暑假集训训练赛19(补题),2023-07-26 03:00:00,https://www.buctcoder.com/contest.php?cid=2677
2676,2022年ACM暑假集训训练赛19,2022-07-27 22:00:00,https://www.buctcoder.com/contest.php?cid=2676
2675,2022年ACM暑假集训训练赛18补题,2022-08-19 03:00:00,https://www.buctcoder.com/contest.php?cid=2675
2674,2022年ACM暑假集训训练赛18,2022-07-26 22:00:00,https://www.buctcoder.com/contest.php?cid=2674
2673,2022年ACM暑假集训训练赛17-补题,2022-10-24 00:00:00,https://www.buctcoder.com/contest.php?cid=2673
2672,2022年ACM暑假集训训练赛17,2022-07-25 22:00:00,https://www.buctcoder.com/contest.php?cid=2672
2671,2022“杭电杯”中国大学生算法设计超级联赛（2）(补题),2022-12-22 16:00:00,https://www.buctcoder.com/contest.php?cid=2671
2670,2022年ACM暑假集训个人排位赛(4）补题,2023-07-22 01:00:00,https://www.buctcoder.com/contest.php?cid=2670
2669,2022年ACM暑假集训训练赛15-补题,2022-09-20 00:00:00,https://www.buctcoder.com/contest.php?cid=2669
2668,2022年杭电暑假多校联合训练一（补题）,2023-07-20 20:00:00,https://www.buctcoder.com/contest.php?cid=2668
2667,2022年ACM暑假集训个人排位赛竞赛(4）,2022-07-22 14:00:00,https://www.buctcoder.com/contest.php?cid=2667
2666,2022年ACM暑假集训训练赛16,2022-07-21 22:00:00,https://www.buctcoder.com/contest.php?cid=2666
2665,2022年ACM暑假集训训练赛15,2022-07-20 22:00:00,https://www.buctcoder.com/contest.php?cid=2665
2664,2022年ACM暑假集训训练赛14补题,2022-08-30 14:00:00,https://www.buctcoder.com/contest.php?cid=2664
2663,2022年ACM暑假集训训练赛14,2022-07-19 22:00:00,https://www.buctcoder.com/contest.php?cid=2663
2662,2022年ACM暑假集训训练赛13-补题,2022-10-17 10:00:00,https://www.buctcoder.com/contest.php?cid=2662
2661,2022年ACM暑假集训训练赛13,2022-07-18 22:00:00,https://www.buctcoder.com/contest.php?cid=2661
2660,2022年ACM暑假集训训练赛12补题,2022-12-14 03:00:00,https://www.buctcoder.com/contest.php?cid=2660
2659,2022年ACM暑假集训个人排位赛(3)-补题,2023-07-14 13:00:00,https://www.buctcoder.com/contest.php?cid=2659
2658,2022年ACM暑假集训个人排位赛竞赛(3),2022-07-15 14:00:00,https://www.buctcoder.com/contest.php?cid=2658
2657,2022年ACM暑假集训训练赛12,2022-07-14 22:00:00,https://www.buctcoder.com/contest.php?cid=2657
2656,2022年ACM暑假集训训练赛10-补题,2022-08-19 22:00:00,https://www.buctcoder.com/contest.php?cid=2656
2655,2022年ACM暑假集训训练赛10,2022-07-12 22:00:00,https://www.buctcoder.com/contest.php?cid=2655
2654,2022年ACM暑假集训训练赛11-补题,2023-07-11 13:00:00,https://www.buctcoder.com/contest.php?cid=2654
2653,2022年ACM暑假集训训练赛11,2022-07-13 22:00:00,https://www.buctcoder.com/contest.php?cid=2653
2648,2022年ACM暑假集训训练赛9-补题,2022-10-09 17:00:00,https://www.buctcoder.com/contest.php?cid=2648
2647,2022年ACM暑假集训训练赛9,2022-07-11 22:00:00,https://www.buctcoder.com/contest.php?cid=2647
2646,2022年ACM暑假集训个人排位赛(2)-补题,2023-10-08 14:00:00,https://www.buctcoder.com/contest.php?cid=2646
2645,2022年ACM暑假集训个人排位赛竞赛(2),2022-07-08 14:00:00,https://www.buctcoder.com/contest.php?cid=2645
2644,2022年ACM暑假集训训练赛8-补题,2022-09-06 21:00:00,https://www.buctcoder.com/contest.php?cid=2644
2643,2022年ACM暑假集训训练赛8,2022-07-07 22:00:00,https://www.buctcoder.com/contest.php?cid=2643
2642,2022年ACM暑假集训训练赛7-补题,2023-07-05 17:00:00,https://www.buctcoder.com/contest.php?cid=2642
2641,2022年ACM暑假集训训练赛7,2022-07-06 22:00:00,https://www.buctcoder.com/contest.php?cid=2641
2640,2022年ACM暑假集训训练赛6-补题,2022-07-31 19:00:00,https://www.buctcoder.com/contest.php?cid=2640
2639,2022年ACM暑假集训训练赛6,2022-07-05 22:00:00,https://www.buctcoder.com/contest.php?cid=2639
2638,2022年ACM暑假集训训练赛5-补题,2022-09-03 15:00:00,https://www.buctcoder.com/contest.php?cid=2638
2637,2022年ACM暑假集训训练赛5,2022-07-04 22:00:00,https://www.buctcoder.com/contest.php?cid=2637
2636,2022年ACM暑假集训训练赛4-补题,2022-09-30 18:00:00,https://www.buctcoder.com/contest.php?cid=2636
2635,2022年ACM暑假集训个人排位赛(1)-补题,2022-12-01 13:00:00,https://www.buctcoder.com/contest.php?cid=2635
2634,2022年ACM暑假集训个人排位赛竞赛(1),2022-07-01 14:00:00,https://www.buctcoder.com/contest.php?cid=2634
2633,2022年ACM暑假集训训练赛3-补题,2023-06-29 23:00:00,https://www.buctcoder.com/contest.php?cid=2633
2632,2022年ACM暑假集训训练赛2-补题,2022-09-29 22:00:00,https://www.buctcoder.com/contest.php?cid=2632
2631,2022年ACM暑假集训训练赛4,2022-06-30 22:00:00,https://www.buctcoder.com/contest.php?cid=2631
2630,2022年ACM暑假集训训练赛3,2022-06-29 22:00:00,https://www.buctcoder.com/contest.php?cid=2630
2629,2022年ACM暑假集训训练赛1-补题,2023-08-24 01:00:00,https://www.buctcoder.com/contest.php?cid=2629
2628,2022年ACM暑假集训训练赛2,2022-06-28 22:00:00,https://www.buctcoder.com/contest.php?cid=2628
2627,2022年ACM暑假集训训练赛1,2022-06-27 22:00:00,https://www.buctcoder.com/contest.php?cid=2627
2622,蓝桥杯国赛训练赛(16)补题,2022-07-11 16:00:00,https://www.buctcoder.com/contest.php?cid=2622
2621,蓝桥杯国赛训练赛(16),2022-06-12 22:00:00,https://www.buctcoder.com/contest.php?cid=2621
2620,蓝桥杯国赛训练赛(15)补题,2022-07-12 16:00:00,https://www.buctcoder.com/contest.php?cid=2620
2619,蓝桥杯国赛训练赛(15),2022-06-11 22:00:00,https://www.buctcoder.com/contest.php?cid=2619
2616,2022年ACMjin赛班训练jin赛(11）补题 2022.6.4,2023-08-04 01:00:00,https://www.buctcoder.com/contest.php?cid=2616
2615,2022年ACM竞赛班训练竞赛(11） 2022.6.4,2022-06-04 21:00:00,https://www.buctcoder.com/contest.php?cid=2615
2614,蓝桥杯国赛训练赛(13)补题,2022-08-02 18:00:00,https://www.buctcoder.com/contest.php?cid=2614
2613,蓝桥杯国赛训练赛(14)补题,2022-08-02 18:00:00,https://www.buctcoder.com/contest.php?cid=2613
2612,蓝桥杯国赛训练赛(14),2022-06-05 23:00:00,https://www.buctcoder.com/contest.php?cid=2612
2611,蓝桥杯国赛训练赛(13),2022-06-05 23:00:00,https://www.buctcoder.com/contest.php?cid=2611
2608,2021-2022-2 ACM集训队每周程序设计赛 (13)补题,2022-12-27 06:00:00,https://www.buctcoder.com/contest.php?cid=2608
2607,2021-2022-2 ACM集训队每周程序设计竞赛 (13),2022-05-27 17:00:00,https://www.buctcoder.com/contest.php?cid=2607
2606,2022年ACM竞.赛班训练补题(⑩） 2022.5.24,2023-05-24 23:00:00,https://www.buctcoder.com/contest.php?cid=2606
2605,2022年ACM竞赛班训练竞赛(⑩） 2022.5.24,2022-05-24 19:40:00,https://www.buctcoder.com/contest.php?cid=2605
2600,蓝桥杯国赛训练赛(12)补题,2022-07-11 02:00:00,https://www.buctcoder.com/contest.php?cid=2600
2599,蓝桥杯国赛训练赛(12),2022-05-22 19:00:00,https://www.buctcoder.com/contest.php?cid=2599
2598,蓝桥杯国赛训练赛(11)补题,2022-06-26 03:00:00,https://www.buctcoder.com/contest.php?cid=2598
2597,2021-2022-2 ACM集训队每周程序设计赛补题 (12),2023-05-20 20:00:00,https://www.buctcoder.com/contest.php?cid=2597
2596,蓝桥杯国赛训练赛(11),2022-05-21 19:00:00,https://www.buctcoder.com/contest.php?cid=2596
2595,2021-2022-2 ACM集训队每周程序设计竞赛 (12),2022-05-20 17:00:00,https://www.buctcoder.com/contest.php?cid=2595
2594,《面向对象程序设计》上机实验4：掌握使用虚函数和动态联编,2022-05-22 17:30:00,https://www.buctcoder.com/contest.php?cid=2594
2593,《面向对象程序设计》上机实验3：掌握使用虚函数,2022-05-22 17:30:00,https://www.buctcoder.com/contest.php?cid=2593
2589,蓝桥杯国赛训练赛(10)补题,2023-05-18 21:00:00,https://www.buctcoder.com/contest.php?cid=2589
2588,蓝桥杯国赛训练赛(10),2022-05-21 20:00:00,https://www.buctcoder.com/contest.php?cid=2588
2587,蓝桥杯国赛训练赛(9)补题,2023-02-18 21:00:00,https://www.buctcoder.com/contest.php?cid=2587
2586,2022年ACMjin赛班训练(九）补题,2023-07-17 23:00:00,https://www.buctcoder.com/contest.php?cid=2586
2585,蓝桥杯国赛训练赛(9),2022-05-21 20:00:00,https://www.buctcoder.com/contest.php?cid=2585
2584,2022年ACM竞赛班训练竞赛(九） 2022.5.17,2022-05-17 19:40:00,https://www.buctcoder.com/contest.php?cid=2584
2581,蓝桥杯国赛训练赛(8)补题,2022-07-18 22:00:00,https://www.buctcoder.com/contest.php?cid=2581
2580,蓝桥杯国赛训练赛(8),2022-05-15 19:00:00,https://www.buctcoder.com/contest.php?cid=2580
2579,蓝桥杯国赛训练赛(7)-补题,2022-06-06 19:00:00,https://www.buctcoder.com/contest.php?cid=2579
2578,2021-2022-2 ACM集训队每周程序设计赛补题 (11),2022-12-13 20:00:00,https://www.buctcoder.com/contest.php?cid=2578
2577,蓝桥杯国赛训练赛(7),2022-05-14 19:00:00,https://www.buctcoder.com/contest.php?cid=2577
2576,2021-2022-2 ACM集训队每周程序设计竞赛 (11),2022-05-13 17:00:00,https://www.buctcoder.com/contest.php?cid=2576
2573,ACMjin赛班个人赛兼选拔（3）补题,2022-09-10 01:00:00,https://www.buctcoder.com/contest.php?cid=2573
2571,ACM竞赛班个人赛兼选拔赛（3）,2022-05-10 21:00:00,https://www.buctcoder.com/contest.php?cid=2571
2570,河北省程序设计比赛选拔赛2补题,2022-10-08 17:00:00,https://www.buctcoder.com/contest.php?cid=2570
2569,蓝桥杯国赛训练赛(6),2022-05-08 19:00:00,https://www.buctcoder.com/contest.php?cid=2569
2568,蓝桥杯国赛训练赛(5)补题,2022-06-15 01:00:00,https://www.buctcoder.com/contest.php?cid=2568
2567,河北省程序设计竞赛选拔赛（2）,2022-05-08 14:00:00,https://www.buctcoder.com/contest.php?cid=2567
2564,蓝桥杯国赛训练赛(5),2022-05-07 22:00:00,https://www.buctcoder.com/contest.php?cid=2564
2553,2021-2022-2 ACM集训队每周程序设计补题（10）,2023-05-06 17:00:00,https://www.buctcoder.com/contest.php?cid=2553
2552,2021-2022-2 ACM集训队每周程序设计竞赛（10）,2022-05-06 17:00:00,https://www.buctcoder.com/contest.php?cid=2552
2551,蓝桥杯国赛五一训练赛(4)补题,2022-07-03 01:00:00,https://www.buctcoder.com/contest.php?cid=2551
2550,蓝桥杯国赛五一训练赛(4),2022-05-03 21:00:00,https://www.buctcoder.com/contest.php?cid=2550
2549,蓝桥杯国赛五一训练赛补题(3),2022-07-01 03:00:00,https://www.buctcoder.com/contest.php?cid=2549
2548,蓝桥杯国赛五一训练赛(3),2022-05-02 21:00:00,https://www.buctcoder.com/contest.php?cid=2548
2547,蓝桥杯国赛五一训练赛(2)补题,2022-06-30 00:00:00,https://www.buctcoder.com/contest.php?cid=2547
2546,蓝桥杯国赛五一训练赛(2),2022-05-01 21:00:00,https://www.buctcoder.com/contest.php?cid=2546
2545,蓝桥杯国赛五一训练赛(1)补题,2022-07-30 00:00:00,https://www.buctcoder.com/contest.php?cid=2545
2544,河北省程序设计比赛选拔赛补题,2022-12-30 17:00:00,https://www.buctcoder.com/contest.php?cid=2544
2543,《面向对象程序设计》上机实验2：类继承与派生,2022-05-08 17:30:00,https://www.buctcoder.com/contest.php?cid=2543
2542,《面向对象程序设计》上机实验1：类和对象的基本概念、C++ 中类的定义和对象创建过程,2022-05-08 17:30:00,https://www.buctcoder.com/contest.php?cid=2542
2541,河北省程序设计竞赛选拔赛,2022-04-30 14:00:00,https://www.buctcoder.com/contest.php?cid=2541
2540,2021-2022-2 ACM集训队每周程序设计补题（9）,2023-04-29 18:00:00,https://www.buctcoder.com/contest.php?cid=2540
2539,蓝桥杯国赛五一训练赛(1),2022-04-30 21:00:00,https://www.buctcoder.com/contest.php?cid=2539
2537,2021-2022-2 ACM集训队每周程序设计竞赛（9）,2022-04-29 17:00:00,https://www.buctcoder.com/contest.php?cid=2537
2531,2022年ACM赛班训练补题（八）2022.4.26-Copy,2023-04-26 23:00:00,https://www.buctcoder.com/contest.php?cid=2531
2530,2022年ACM竞赛班训练竞赛（八）2022.4.26,2022-04-26 19:40:00,https://www.buctcoder.com/contest.php?cid=2530
2517,2021-2022-2 ACM集训队每周程序设计补题（8）,2023-07-22 16:00:00,https://www.buctcoder.com/contest.php?cid=2517
2516,2021-2022-2 ACM集训队每周程序设计竞赛（8）,2022-04-22 17:00:00,https://www.buctcoder.com/contest.php?cid=2516
2515,2022ACM集训队周赛一（div1）,已结束,https://www.buctcoder.com/contest.php?cid=2515
2505,2022年ACM竞 赛班训练补题（七）2021.4.19,2022-08-19 23:00:00,https://www.buctcoder.com/contest.php?cid=2505
2501,2022年ACM竞赛班训练竞赛（七）2021.4.19,2022-04-19 19:40:00,https://www.buctcoder.com/contest.php?cid=2501
2497,2022年ACM竞 赛班训练补题（六）2021.4.17,2023-01-17 21:00:00,https://www.buctcoder.com/contest.php?cid=2497
2490,2022年ACM竞赛班训练竞赛（六）2021.4.17,2022-04-17 21:00:00,https://www.buctcoder.com/contest.php?cid=2490
2489,2021-2022-2 ACM集训队每周程序设计补题（7）-Copy,2022-04-30 18:00:00,https://www.buctcoder.com/contest.php?cid=2489
2488,2021-2022-2 ACM集训队每周程序设计竞赛（7）,2022-04-15 17:00:00,https://www.buctcoder.com/contest.php?cid=2488
2483,2022年ACM班训练补题（五）2021.4.12,2023-04-12 23:00:00,https://www.buctcoder.com/contest.php?cid=2483
2476,2022年ACM竞赛班训练竞赛（五）2021.4.12,2022-04-12 19:40:00,https://www.buctcoder.com/contest.php?cid=2476
2473,2021-2022-2 ACM集训队每周程序设计周赛补题（6）,2023-04-08 19:00:00,https://www.buctcoder.com/contest.php?cid=2473
2470,2021-2022-2 ACM集训队每周程序设计竞赛（6）,2022-04-08 17:00:00,https://www.buctcoder.com/contest.php?cid=2470
2462,清明节训练赛第一套,2022-04-09 15:00:00,https://www.buctcoder.com/contest.php?cid=2462
2461,清明节训练赛第二套,2022-04-09 15:00:00,https://www.buctcoder.com/contest.php?cid=2461
2457,2021-2022-2 ACM集训队每周程序设计比赛暨蓝桥杯真题模拟补题（5）,2022-09-01 22:00:00,https://www.buctcoder.com/contest.php?cid=2457
2451,2021-2022-2 ACM集训队每周程序设计比赛暨蓝桥杯真题模拟竞赛（5）,2022-04-01 18:00:00,https://www.buctcoder.com/contest.php?cid=2451
2450,2022年ACM班训练补题（四）2021.3.29,2022-06-29 00:00:00,https://www.buctcoder.com/contest.php?cid=2450
2444,2022年ACM竞赛班训练竞赛（四）2021.3.29,2022-03-29 19:40:00,https://www.buctcoder.com/contest.php?cid=2444
2443,北京化工大学本学期ACM第一次月赛：蓝桥杯大赛第一次校内训练赛补赛,2023-03-27 16:00:00,https://www.buctcoder.com/contest.php?cid=2443
2437,北京化工大学本学期ACM第一次月赛：蓝桥杯大赛第一次校内训练赛竞赛,2022-03-27 12:30:00,https://www.buctcoder.com/contest.php?cid=2437
2434,2021-2022-2 ACM集训队每周程序设计比赛暨蓝桥杯真题模拟赛（4）- 补题,2022-09-25 20:00:00,https://www.buctcoder.com/contest.php?cid=2434
2431,验题,2022-04-23 00:00:00,https://www.buctcoder.com/contest.php?cid=2431
2426,2022年ACM竟赛班训练赛补题（三）2021.3.22,2023-10-22 14:00:00,https://www.buctcoder.com/contest.php?cid=2426
2423,2022年ACM竞赛班训练竞赛（三）2021.3.22,2022-03-22 19:40:00,https://www.buctcoder.com/contest.php?cid=2423
2422,2021-2022-2 ACM集训队每周程序设计比赛暨蓝桥杯真题模拟赛（4）,2022-03-25 18:00:00,https://www.buctcoder.com/contest.php?cid=2422
2421,2021-2022-2 ACM集训队每周程序设计比赛暨蓝桥杯真题模拟赛补题（3）,2022-07-19 17:00:00,https://www.buctcoder.com/contest.php?cid=2421
2413,2022年ACM竟赛班训练赛补题（二）2021.3.15,2023-04-08 23:00:00,https://www.buctcoder.com/contest.php?cid=2413
2409,2021-2022-2 ACM集训队每周程序设计比赛暨蓝桥杯真题模拟赛（3）,2022-03-18 18:00:00,https://www.buctcoder.com/contest.php?cid=2409
2406,2021-2022-2 ACM集训队每周程序设计比赛（2） - 补题,2023-03-11 17:00:00,https://www.buctcoder.com/contest.php?cid=2406
2405,2021-2022-2 ACM集训队每周程序设计竞赛（2）,2022-03-11 17:00:00,https://www.buctcoder.com/contest.php?cid=2405
2404,2022年ACM竞赛班训练竞赛（二）2021.3.15,2022-03-15 19:40:00,https://www.buctcoder.com/contest.php?cid=2404
2399,2022年ACMjin赛班训练补题（一）2021.3.8,2023-06-08 23:00:00,https://www.buctcoder.com/contest.php?cid=2399
2391,2021-2022-2 ACM集训队每周程序设计赛（1）补题,2022-06-04 20:00:00,https://www.buctcoder.com/contest.php?cid=2391
2387,2021-2022-2 ACM集训队每周程序设计竞赛（1）,2022-03-04 17:00:00,https://www.buctcoder.com/contest.php?cid=2387
2386,2022年ACM竞赛班训练竞赛（一）2021.3.8,2022-03-08 19:40:00,https://www.buctcoder.com/contest.php?cid=2386
2385,北京化工大学寒假集训总结赛暨中国高校天梯赛选拔赛补题,2022-05-23 17:00:00,https://www.buctcoder.com/contest.php?cid=2385
2384,北京化工大学寒假集训总结赛暨中国高校天梯赛选拔赛竞赛,2022-02-23 14:00:00,https://www.buctcoder.com/contest.php?cid=2384
2383,验题,2022-02-23 21:00:00,https://www.buctcoder.com/contest.php?cid=2383
2382,2022年“5校联盟”蓝桥杯软件大赛训练赛18（2022.02.22）-补题,2022-05-01 01:00:00,https://www.buctcoder.com/contest.php?cid=2382
2381,2022年“5校联盟”蓝桥杯软件大赛训练竞赛18（2022.02.22）,2022-02-22 22:00:00,https://www.buctcoder.com/contest.php?cid=2381
2379,2022寒假集训编程语法复习巩固专区（五）,2022-03-20 00:00:00,https://www.buctcoder.com/contest.php?cid=2379
2378,2022寒假集训编程语法复习巩固专区（四）,2022-03-20 00:00:00,https://www.buctcoder.com/contest.php?cid=2378
2377,2022寒假集训编程语法复习巩固专区（三）,2022-03-20 23:00:00,https://www.buctcoder.com/contest.php?cid=2377
2376,2022年“5校联盟”蓝桥杯软件大赛训练赛17（2022.02.21）-补题,2022-05-01 16:00:00,https://www.buctcoder.com/contest.php?cid=2376
2375,2022年“5校联盟”蓝桥杯软件大赛训练赛17（2022.02.21）,2022-02-21 22:00:00,https://www.buctcoder.com/contest.php?cid=2375
2372,2022年“5校联盟”蓝桥杯软件大赛训练赛16（2022.02.17）-补题,2022-05-01 20:00:00,https://www.buctcoder.com/contest.php?cid=2372
2371,2022年“5校联盟”蓝桥杯软件大赛训练赛16（2022.02.17）,2022-02-17 22:00:00,https://www.buctcoder.com/contest.php?cid=2371
2370,2022年“5校联盟”蓝桥杯软件大赛训练赛15（2022.02.16）-补题,2022-05-01 15:00:00,https://www.buctcoder.com/contest.php?cid=2370
2369,2022年“5校联盟”蓝桥杯软件大赛训练赛15（2022.02.16）,2022-02-16 22:00:00,https://www.buctcoder.com/contest.php?cid=2369
2368,2022年“5校联盟”蓝桥杯软件大赛训练赛14（2022.02.15）-补题,2022-05-01 02:00:00,https://www.buctcoder.com/contest.php?cid=2368
2367,2022年“5校联盟”蓝桥杯软件大赛训练赛14（2022.02.15）,2022-02-15 22:00:00,https://www.buctcoder.com/contest.php?cid=2367
2366,2022年“5校联盟”蓝桥杯软件大赛训练赛13（2022.02.14）-补题,2022-05-01 22:00:00,https://www.buctcoder.com/contest.php?cid=2366
2365,2022年“5校联盟”蓝桥杯软件大赛训练赛13（2022.02.14）,2022-02-14 22:00:00,https://www.buctcoder.com/contest.php?cid=2365
2362,2022年“5校联盟”蓝桥杯软件大赛训练赛12（2022.02.10）-补题,2022-05-01 22:00:00,https://www.buctcoder.com/contest.php?cid=2362
2361,2022年“5校联盟”蓝桥杯软件大赛训练赛12（2022.02.10）,2022-02-10 22:00:00,https://www.buctcoder.com/contest.php?cid=2361
2360,2022年“5校联盟”蓝桥杯软件大赛训练赛11（2022.02.09）-补题,2022-05-01 23:00:00,https://www.buctcoder.com/contest.php?cid=2360
2359,2022年“5校联盟”蓝桥杯软件大赛训练赛10（2022.02.08）-补题,2022-05-01 22:00:00,https://www.buctcoder.com/contest.php?cid=2359
2358,2022年“5校联盟”蓝桥杯软件大赛训练赛11（2022.02.09）,2022-02-09 22:00:00,https://www.buctcoder.com/contest.php?cid=2358
2357,2022年“5校联盟”蓝桥杯软件大赛训练赛10（2022.02.08）,2022-02-08 22:00:00,https://www.buctcoder.com/contest.php?cid=2357
2356,2022年“5校联盟”蓝桥杯软件大赛训练赛9（2022.02.07）-补题,2022-05-01 23:00:00,https://www.buctcoder.com/contest.php?cid=2356
2355,2022年“5校联盟”蓝桥杯软件大赛训练赛9（2022.02.07）,2022-02-07 22:00:00,https://www.buctcoder.com/contest.php?cid=2355
2353,2022年“5校联盟”蓝桥杯软件大赛训练赛8（2022.01.27）-补题,2022-03-01 22:00:00,https://www.buctcoder.com/contest.php?cid=2353
2351,2022年“5校联盟”蓝桥杯软件大赛训练赛7（2022.01.26）-补题,2022-03-01 22:00:00,https://www.buctcoder.com/contest.php?cid=2351
2350,2022年“5校联盟”蓝桥杯软件大赛训练赛8（2022.01.27）,2022-01-27 22:00:00,https://www.buctcoder.com/contest.php?cid=2350
2349,2022年“5校联盟”蓝桥杯软件大赛训练赛7（2022.01.26）,2022-01-26 22:00:00,https://www.buctcoder.com/contest.php?cid=2349
2348,2022年“5校联盟”蓝桥杯软件大赛训练赛6（2022.01.25）-补题,2022-03-01 00:00:00,https://www.buctcoder.com/contest.php?cid=2348
2347,2022年“5校联盟”蓝桥杯软件大赛训练赛6（2022.01.25）,2022-01-25 22:00:00,https://www.buctcoder.com/contest.php?cid=2347
2346,【在线编程平台】锁定效果测试,2022-10-24 18:00:00,https://www.buctcoder.com/contest.php?cid=2346
2345,2022寒假集训编程语法复习巩固专区（二）,2022-02-28 02:00:00,https://www.buctcoder.com/contest.php?cid=2345
2344,2022年“5校联盟”蓝桥杯软件大赛训练赛5（2022.01.24）-补题,2022-03-01 03:00:00,https://www.buctcoder.com/contest.php?cid=2344
2343,2022年“5校联盟”蓝桥杯软件大赛训练赛5（2022.01.24）,2022-01-24 22:00:00,https://www.buctcoder.com/contest.php?cid=2343
2340,2022年“5校联盟”蓝桥杯软件大赛训练赛4（2022.01.20）-补题,2022-09-01 01:00:00,https://www.buctcoder.com/contest.php?cid=2340
2338,2022年“5校联盟”蓝桥杯软件大赛训练赛4（2022.01.20）,2022-01-20 22:00:00,https://www.buctcoder.com/contest.php?cid=2338
2337,2022年“5校联盟”蓝桥杯软件大赛训练赛3（2022.01.19）-补题,2022-03-01 01:00:00,https://www.buctcoder.com/contest.php?cid=2337
2335,2022年“5校联盟”蓝桥杯软件大赛训练赛3（2022.01.19）,2022-01-19 22:00:00,https://www.buctcoder.com/contest.php?cid=2335
2334,2022年“5校联盟”蓝桥杯软件大赛训练赛2（2022.01.18）-补题,2022-03-01 23:00:00,https://www.buctcoder.com/contest.php?cid=2334
2333,2022年“5校联盟”蓝桥杯软件大赛训练赛2（2022.01.18）,2022-01-18 22:00:00,https://www.buctcoder.com/contest.php?cid=2333
2332,2022年“5校联盟”蓝桥杯软件大赛训练赛1（2022.01.17）-补题,2022-03-01 19:00:00,https://www.buctcoder.com/contest.php?cid=2332
2331,2022年“5校联盟”蓝桥杯软件大赛训练赛1（2022.01.17）,2022-01-17 22:00:00,https://www.buctcoder.com/contest.php?cid=2331
2330,算法训练营入门篇验题1,2022-01-22 14:00:00,https://www.buctcoder.com/contest.php?cid=2330
2329,2022寒假集训编程语法复习巩固专区（一）,2022-03-10 02:00:00,https://www.buctcoder.com/contest.php?cid=2329
2318,2021-2022-1国机19级程序设计2.上机8.20211223-练习,2022-01-09 22:00:00,https://www.buctcoder.com/contest.php?cid=2318
2317,2021-2022-1国机19级程序设计2.上机8.20211223,2021-12-23 11:20:00,https://www.buctcoder.com/contest.php?cid=2317
2305,2021-2022-1 ACM集训队每周程序设计补题（10）,2022-02-17 19:00:00,https://www.buctcoder.com/contest.php?cid=2305
2304,2022年寒假专题集训3（div1-入门59题）,2022-01-20 22:00:00,https://www.buctcoder.com/contest.php?cid=2304
2303,2022年寒假专题集训2（div1-入门54题）,2022-01-20 22:00:00,https://www.buctcoder.com/contest.php?cid=2303
2302,2022年寒假专题集训1（div1-入门49题）,2022-01-20 22:00:00,https://www.buctcoder.com/contest.php?cid=2302
2301,2022年寒假专题集训3（div2-基础50题）,2022-01-20 22:00:00,https://www.buctcoder.com/contest.php?cid=2301
2300,2022年寒假专题集训2（div2-基础50题）,2022-01-20 22:00:00,https://www.buctcoder.com/contest.php?cid=2300
2299,2022年寒假专题集训1（div2-基础50题）,2022-01-20 22:00:00,https://www.buctcoder.com/contest.php?cid=2299
2290,2021-2022-1国机19级程序设计2.上机7.20211216-练习,2022-01-09 22:00:00,https://www.buctcoder.com/contest.php?cid=2290
2289,2021-2022-1国机19级程序设计2.上机7.20211216,2021-12-16 11:20:00,https://www.buctcoder.com/contest.php?cid=2289
2284,2021-2022-1 ACM集训队每周程序设计竞赛（10）,2021-12-17 17:00:00,https://www.buctcoder.com/contest.php?cid=2284
2282,2021-2022-1 ACM集训队每周程序设计赛（9）补题,2021-12-30 20:00:00,https://www.buctcoder.com/contest.php?cid=2282
2281,2021-2022-1 ACM集训队每周程序设计竞赛（9）,2021-12-10 17:00:00,https://www.buctcoder.com/contest.php?cid=2281
2278,2021-2022-1国机19级程序设计2.上机6.20211209-练习,2022-01-09 22:00:00,https://www.buctcoder.com/contest.php?cid=2278
2277,2021-2022-1国机19级程序设计2.上机6.20211209,2021-12-09 11:20:00,https://www.buctcoder.com/contest.php?cid=2277
2271,2021年蓝桥天梯双选竞-赛-补题,2021-12-31 16:00:00,https://www.buctcoder.com/contest.php?cid=2271
2270,2021年蓝桥天梯双选竞赛,2021-12-04 12:20:00,https://www.buctcoder.com/contest.php?cid=2270
2267,【在线编程平台】试题 - exam测试,2021-12-01 18:00:00,https://www.buctcoder.com/contest.php?cid=2267
2266,2021-2022-1国机19级程序设计2.上机5.20211202-练习,2022-01-09 22:00:00,https://www.buctcoder.com/contest.php?cid=2266
2265,2021-2022-1国机19级程序设计2.上机5.20211202,2021-12-02 11:20:00,https://www.buctcoder.com/contest.php?cid=2265
2260,北京化工大学第十六届程序设计新生补题,2022-01-27 16:00:00,https://www.buctcoder.com/contest.php?cid=2260
2259,北京化工大学第十六届程序设计新生竞赛,2021-11-27 12:00:00,https://www.buctcoder.com/contest.php?cid=2259
2255,2021-2022-1国机19级程序设计2.上机4.20211125-练习,2022-01-09 22:00:00,https://www.buctcoder.com/contest.php?cid=2255
2254,2021-2022-1国机19级程序设计2.上机4.20211125,2021-11-25 11:20:00,https://www.buctcoder.com/contest.php?cid=2254
2250,2021年“蓝桥杯”研究生组选拔训练赛四-补题,2022-11-20 12:00:00,https://www.buctcoder.com/contest.php?cid=2250
2249,2021-2022-1 ACM集训队每周程序设计补题（8）,2022-11-19 20:00:00,https://www.buctcoder.com/contest.php?cid=2249
2246,2021-2022-1国机19级程序设计2.上机3.20211118-练习,2022-01-09 22:00:00,https://www.buctcoder.com/contest.php?cid=2246
2245,2021-2022-1国机19级程序设计2.上机3.20211118,2021-11-18 11:20:00,https://www.buctcoder.com/contest.php?cid=2245
2243,2021-2022-1 ACM集训队每周程序设计竞赛（8）,2021-11-19 17:00:00,https://www.buctcoder.com/contest.php?cid=2243
2242,验题,2021-12-16 13:00:00,https://www.buctcoder.com/contest.php?cid=2242
2239,14年北京化工大学程序设计新生赛补题,2021-12-12 02:00:00,https://www.buctcoder.com/contest.php?cid=2239
2238,18年新生赛补题,2021-12-12 02:00:00,https://www.buctcoder.com/contest.php?cid=2238
2237,2017年程序设计新生赛补题,2021-12-12 02:00:00,https://www.buctcoder.com/contest.php?cid=2237
2236,2019级新生赛补题,2021-12-12 02:00:00,https://www.buctcoder.com/contest.php?cid=2236
2235,第十四届北京化工大学程序设计新生赛补题(20年),2021-12-12 21:00:00,https://www.buctcoder.com/contest.php?cid=2235
2234,2021-2022-1 ACM集训队每周程序设计补题（7）,2022-02-12 19:00:00,https://www.buctcoder.com/contest.php?cid=2234
2231,软件技术基础2021.11.11,2021-11-17 22:00:00,https://www.buctcoder.com/contest.php?cid=2231
2230,2021年“蓝桥杯”研究生组选拔训练赛三-补题,2022-11-11 12:00:00,https://www.buctcoder.com/contest.php?cid=2230
2229,2021年“蓝桥杯”研究生组选拔训练赛三,2021-11-11 23:00:00,https://www.buctcoder.com/contest.php?cid=2229
2227,2021-2022-1国机19级程序设计2.上机2.202111111-练习,2022-01-09 22:00:00,https://www.buctcoder.com/contest.php?cid=2227
2226,2021-2022-1国机19级程序设计2.上机2.20211111,2021-11-11 11:20:00,https://www.buctcoder.com/contest.php?cid=2226
2222,2021-2022-1 ACM集训队每周程序设计竞赛（7）,2021-11-12 17:00:00,https://www.buctcoder.com/contest.php?cid=2222
2220,2020济南区域赛竞赛,2021-11-06 17:00:00,https://www.buctcoder.com/contest.php?cid=2220
2219,2021-2022-1 ACM集训队每周程序设计补题（6）,2022-01-10 20:00:00,https://www.buctcoder.com/contest.php?cid=2219
2218,2021年“蓝桥杯”研究生组选拔训练赛二-补题,2021-12-31 12:00:00,https://www.buctcoder.com/contest.php?cid=2218
2216,2021年“蓝桥杯”研究生组选拔训练赛二,2021-11-04 22:00:00,https://www.buctcoder.com/contest.php?cid=2216
2214,2021-2022-1国机19级程序设计2.上机1.20211104-练习,2022-01-09 22:00:00,https://www.buctcoder.com/contest.php?cid=2214
2213,2021-2022-1国机19级程序设计2.上机1.20211104,2021-11-04 11:20:00,https://www.buctcoder.com/contest.php?cid=2213
2212,2021-2022-1 ACM集训队每周程序设计竞赛（6）,2021-11-05 17:00:00,https://www.buctcoder.com/contest.php?cid=2212
2202,2021银川区域赛补题,2021-11-30 23:00:00,https://www.buctcoder.com/contest.php?cid=2202
2201,2021银川区域赛竞赛,2021-10-31 17:00:00,https://www.buctcoder.com/contest.php?cid=2201
2200,2021-2022-1 ACM集训队每月程序设计补题（2）,2021-11-30 17:00:00,https://www.buctcoder.com/contest.php?cid=2200
2199,2021-2022-1 ACM集训队每月程序设计竞赛（2）,2021-10-30 13:00:00,https://www.buctcoder.com/contest.php?cid=2199
